User,TimeStamp,Token,Status Code,Compliant
Kris345,2023-01-01 00:00:03,927634,304,True
LjnPjxSmb,2023-01-01 00:00:23,431932,303,False
Bella233,2023-01-01 00:01:10,927634,304,True
Kris345,2023-01-01 00:02:33,567290,200,True
Kris345,2023-01-01 00:03:01,927634,404,True
PoBcWvbqv,2023-01-01 00:12:00,669061,502,False
Kris345,2023-01-01 00:14:37,927634,303,True
Jack87,2023-01-01 00:17:50,567290,304,True
Kris345,2023-01-01 00:19:32,567290,200,True
oFuZ,2023-01-01 00:23:15,102538,401,False
Jack87,2023-01-01 00:24:15,567290,401,True
Kris345,2023-01-01 00:25:52,567290,303,True
oXAnMXffG,2023-01-01 00:26:46,690346,304,False
Kris345,2023-01-01 00:33:22,567290,200,True
Kris345,2023-01-01 00:35:41,927634,303,True
Bella233,2023-01-01 00:36:40,567290,401,True
Jack87,2023-01-01 00:38:26,874264,404,True
Kris345,2023-01-01 00:38:27,874264,403,True
Jack87,2023-01-01 00:43:19,927634,303,True
ffkF,2023-01-01 00:43:28,444676,401,False
BWNNqKX,2023-01-01 00:43:47,385149,200,False
Kris345,2023-01-01 00:47:00,874264,403,True
Bella233,2023-01-01 00:48:20,874264,403,True
PXQvWCgo,2023-01-01 00:49:54,880296,200,False
Bella233,2023-01-01 00:51:37,874264,401,True
Bella233,2023-01-01 00:52:03,927634,502,True
Jack87,2023-01-01 00:53:57,567290,404,True
Jack87,2023-01-01 00:54:32,567290,303,True
Jack87,2023-01-01 00:58:58,927634,401,True
Jack87,2023-01-01 01:00:10,927634,200,True
kDabysXvAn,2023-01-01 01:01:40,567290,200,False
Bella233,2023-01-01 01:01:55,567290,404,True
Jack87,2023-01-01 01:07:17,927634,303,True
lxlDegtN,2023-01-01 01:07:19,672562,200,False
Kris345,2023-01-01 01:09:12,927634,200,True
Kris345,2023-01-01 01:11:26,927634,303,True
Kris345,2023-01-01 01:12:41,567290,401,True
ipltSyzW,2023-01-01 01:13:21,110564,401,False
Jack87,2023-01-01 01:15:59,567290,401,True
Kris345,2023-01-01 01:18:28,874264,200,True
Jack87,2023-01-01 01:19:14,927634,200,True
WnLiRco,2023-01-01 01:20:31,371695,404,False
KMENs,2023-01-01 01:34:06,783249,502,False
qjNgvjLO,2023-01-01 01:40:36,838081,502,False
FKIdhPpnfd,2023-01-01 01:41:59,411900,404,False
yJhtW,2023-01-01 01:42:19,451116,200,False
Kris345,2023-01-01 01:44:23,567290,401,True
mpAxzB,2023-01-01 01:47:21,149008,200,False
UtnxK,2023-01-01 01:48:54,421168,303,False
RItDvrUp,2023-01-01 01:56:59,992645,403,False
xCOfHDh,2023-01-01 01:58:30,105717,401,False
Jack87,2023-01-01 01:59:21,567290,200,True
UMDlNFe,2023-01-01 01:59:26,543648,303,False
Bella233,2023-01-01 02:03:47,874264,200,True
SbQpS,2023-01-01 02:05:44,288277,303,False
ljkCyW,2023-01-01 02:06:47,662007,401,False
WuGO,2023-01-01 02:10:43,652464,401,False
IuQzbmxa,2023-01-01 02:12:06,105931,401,False
Bella233,2023-01-01 02:18:51,874264,401,True
RivbAwTQ,2023-01-01 02:19:29,410641,200,False
Jack87,2023-01-01 02:22:51,874264,200,True
TPvXcJHQGv,2023-01-01 02:23:54,765778,303,False
JHodFX,2023-01-01 02:24:28,846119,200,False
TrFBQyVcUJ,2023-01-01 02:28:23,295912,200,False
Jack87,2023-01-01 02:28:51,874264,200,True
rSWh,2023-01-01 02:30:03,327139,401,False
TUgMK,2023-01-01 02:34:40,490388,200,False
Jack87,2023-01-01 02:36:49,927634,404,True
EjFpuII,2023-01-01 02:37:17,649452,401,False
Jack87,2023-01-01 02:40:53,874264,304,True
Kris345,2023-01-01 02:42:05,927634,502,True
Kris345,2023-01-01 02:42:53,567290,404,True
ZgCq,2023-01-01 02:46:23,740845,200,False
RySoJ,2023-01-01 02:47:52,800926,502,False
Jack87,2023-01-01 02:50:03,567290,502,True
sYpICM,2023-01-01 02:52:23,995149,304,False
dNmoMSugpa,2023-01-01 02:58:04,530509,403,False
Kris345,2023-01-01 02:59:12,567290,303,True
uOwM,2023-01-01 03:02:44,328429,401,False
Jack87,2023-01-01 03:04:06,927634,500,True
cVGJ,2023-01-01 03:17:22,100935,401,False
TsGln,2023-01-01 03:19:12,514163,303,False
Jack87,2023-01-01 03:24:04,567290,303,True
SNDGvBL,2023-01-01 03:28:07,577816,200,False
ZZOmT,2023-01-01 03:31:00,110482,303,False
rwEsLfl,2023-01-01 03:31:01,314335,200,False
Kris345,2023-01-01 03:40:09,927634,304,True
Jack87,2023-01-01 03:43:15,874264,500,True
DTaFf,2023-01-01 03:44:02,399847,500,False
IFnVHEDAF,2023-01-01 03:44:27,172669,502,False
fTKENxcR,2023-01-01 03:44:39,994649,200,False
zHDttg,2023-01-01 03:44:42,590208,200,False
Jack87,2023-01-01 03:45:51,874264,404,True
Bella233,2023-01-01 03:45:57,567290,200,True
Kris345,2023-01-01 03:48:36,874264,304,True
mljBxD,2023-01-01 03:50:01,488326,304,False
jhLx,2023-01-01 03:51:57,268187,404,False
Kris345,2023-01-01 03:55:46,927634,403,True
Bella233,2023-01-01 03:57:31,927634,404,True
Bella233,2023-01-01 04:00:48,567290,200,True
Jack87,2023-01-01 04:06:05,927634,200,True
Jack87,2023-01-01 04:06:48,874264,200,True
Kris345,2023-01-01 04:07:58,927634,200,True
Bella233,2023-01-01 04:14:04,567290,303,True
Bella233,2023-01-01 04:14:09,567290,303,True
IJqptqHjkx,2023-01-01 04:16:54,914974,401,False
Jack87,2023-01-01 04:17:27,874264,200,True
Kris345,2023-01-01 04:22:22,567290,500,True
Jack87,2023-01-01 04:24:51,874264,304,True
BFJvOPfVk,2023-01-01 04:25:43,874264,502,False
Jack87,2023-01-01 04:25:47,927634,404,True
Bella233,2023-01-01 04:29:41,927634,304,True
ngFXPamJKM,2023-01-01 04:31:24,522102,303,False
Jack87,2023-01-01 04:31:55,567290,403,True
Kris345,2023-01-01 04:32:09,927634,200,True
Jack87,2023-01-01 04:32:18,874264,401,True
LiGtVxdTwY,2023-01-01 04:32:30,204597,200,False
Kris345,2023-01-01 04:33:44,874264,404,True
kNmCNycc,2023-01-01 04:34:47,744717,303,False
ZqKdr,2023-01-01 04:34:53,188898,502,False
KPzNKHCx,2023-01-01 04:38:23,277908,200,False
Kris345,2023-01-01 04:39:37,874264,404,True
CrlBYt,2023-01-01 04:47:25,334118,200,False
Jack87,2023-01-01 04:53:46,927634,200,True
Bella233,2023-01-01 04:54:05,927634,502,True
Bella233,2023-01-01 04:55:08,927634,502,True
zixLsx,2023-01-01 04:55:17,301371,200,False
iMhTnsGW,2023-01-01 04:58:03,927634,304,False
Kris345,2023-01-01 05:09:58,567290,200,True
UujuDYm,2023-01-01 05:11:48,587938,200,False
saEU,2023-01-01 05:11:48,624783,304,False
hAAubpbOsE,2023-01-01 05:15:53,188261,403,False
CjCbxnN,2023-01-01 05:20:51,900583,502,False
oGiHM,2023-01-01 05:21:37,429357,403,False
Bella233,2023-01-01 05:22:12,567290,304,True
Bella233,2023-01-01 05:23:22,874264,200,True
Jack87,2023-01-01 05:30:03,567290,401,True
flcHcU,2023-01-01 05:30:19,377768,404,False
Jack87,2023-01-01 05:36:28,927634,200,True
Jack87,2023-01-01 05:37:05,567290,303,True
FYsEUBinV,2023-01-01 05:37:41,380752,200,False
Kris345,2023-01-01 05:39:54,927634,401,True
Jack87,2023-01-01 05:45:38,927634,200,True
Kris345,2023-01-01 05:45:44,567290,404,True
Bella233,2023-01-01 05:51:13,927634,404,True
Jack87,2023-01-01 05:53:47,927634,200,True
tZytKugJR,2023-01-01 06:08:52,343582,403,False
Jack87,2023-01-01 06:14:36,927634,403,True
GDHsZ,2023-01-01 06:14:58,567290,500,False
Jack87,2023-01-01 06:15:52,874264,401,True
Kris345,2023-01-01 06:16:58,874264,502,True
Jack87,2023-01-01 06:17:26,567290,303,True
ePWTDxED,2023-01-01 06:17:31,520592,200,False
MUaTo,2023-01-01 06:17:42,840461,200,False
Jack87,2023-01-01 06:18:37,927634,304,True
Bella233,2023-01-01 06:26:19,567290,200,True
MOuj,2023-01-01 06:29:13,121547,404,False
Jack87,2023-01-01 06:32:33,567290,502,True
Bella233,2023-01-01 06:33:32,874264,401,True
gLkkRlRLq,2023-01-01 06:37:34,129817,500,False
Bella233,2023-01-01 06:38:33,874264,401,True
VFWxy,2023-01-01 06:40:19,738968,200,False
Jack87,2023-01-01 06:41:37,927634,303,True
Bella233,2023-01-01 06:42:17,927634,502,True
Kris345,2023-01-01 06:44:27,567290,502,True
Kris345,2023-01-01 06:47:29,567290,401,True
Bella233,2023-01-01 06:48:30,567290,303,True
Jack87,2023-01-01 06:54:49,567290,404,True
URmViqIYXO,2023-01-01 06:58:20,522049,200,False
RqvlKPkJmG,2023-01-01 07:00:57,513727,200,False
Bella233,2023-01-01 07:01:50,567290,403,True
pfXvdtuMdK,2023-01-01 07:02:20,646546,200,False
Kris345,2023-01-01 07:03:09,874264,304,True
jjgppQOQhU,2023-01-01 07:06:34,769929,404,False
Jack87,2023-01-01 07:06:35,927634,502,True
Jack87,2023-01-01 07:09:12,874264,200,True
Kris345,2023-01-01 07:13:02,927634,404,True
CDJh,2023-01-01 07:13:38,737467,404,False
Bella233,2023-01-01 07:13:39,874264,500,True
Bella233,2023-01-01 07:14:32,567290,401,True
fqfUp,2023-01-01 07:15:20,492464,500,False
XVQvHKD,2023-01-01 07:16:40,849067,200,False
NmJi,2023-01-01 07:17:33,944241,303,False
pVjww,2023-01-01 07:17:46,332969,303,False
Bella233,2023-01-01 07:19:26,927634,502,True
rUxN,2023-01-01 07:20:22,218994,200,False
Kris345,2023-01-01 07:22:56,874264,200,True
Jack87,2023-01-01 07:23:59,567290,502,True
bwZSUBaz,2023-01-01 07:24:39,275431,200,False
Kris345,2023-01-01 07:25:37,927634,401,True
QjBQtMD,2023-01-01 07:27:44,902160,403,False
nVlkYifGw,2023-01-01 07:32:09,354810,304,False
Jack87,2023-01-01 07:32:30,927634,200,True
Kris345,2023-01-01 07:33:48,927634,404,True
Kris345,2023-01-01 07:33:55,927634,200,True
tUdwcxZMZo,2023-01-01 07:39:10,994856,304,False
XsZcGqvS,2023-01-01 07:48:38,711224,200,False
ddGIFwryHS,2023-01-01 07:53:06,916824,200,False
Kris345,2023-01-01 07:54:43,874264,500,True
BFbFWqZZ,2023-01-01 07:57:19,448543,500,False
Jack87,2023-01-01 07:58:02,567290,200,True
Bella233,2023-01-01 08:03:16,927634,200,True
cGnLjy,2023-01-01 08:03:39,145145,200,False
Jack87,2023-01-01 08:03:42,567290,404,True
Bella233,2023-01-01 08:05:02,874264,200,True
Bella233,2023-01-01 08:09:00,874264,500,True
vwnvQMyaUV,2023-01-01 08:09:30,442424,200,False
Jack87,2023-01-01 08:09:31,927634,303,True
Kris345,2023-01-01 08:10:40,874264,303,True
PJtRjC,2023-01-01 08:17:58,157117,200,False
AktEobILB,2023-01-01 08:20:57,982410,200,False
fRKbnyeZS,2023-01-01 08:27:53,350426,303,False
Bella233,2023-01-01 08:30:43,927634,500,True
Jack87,2023-01-01 08:32:10,927634,404,True
Kris345,2023-01-01 08:39:04,874264,304,True
Jack87,2023-01-01 08:49:51,567290,200,True
Kris345,2023-01-01 08:51:42,567290,500,True
Bella233,2023-01-01 08:52:26,874264,200,True
WLjlObL,2023-01-01 08:53:01,412404,304,False
Bella233,2023-01-01 08:55:15,567290,404,True
Jack87,2023-01-01 08:55:29,874264,200,True
Jack87,2023-01-01 08:55:44,567290,404,True
IlJOufbM,2023-01-01 08:59:32,874264,200,False
Bella233,2023-01-01 09:01:00,927634,303,True
Jack87,2023-01-01 09:01:52,567290,304,True
KNrttPuU,2023-01-01 09:04:26,770411,401,False
ZXYfH,2023-01-01 09:05:15,550278,200,False
Bella233,2023-01-01 09:10:33,567290,200,True
NXlioqB,2023-01-01 09:13:10,457007,502,False
QEBQtRZJAc,2023-01-01 09:13:51,876100,200,False
QAhVWMKw,2023-01-01 09:19:02,874264,404,False
Bella233,2023-01-01 09:22:24,567290,502,True
Jack87,2023-01-01 09:24:23,567290,200,True
Kris345,2023-01-01 09:25:27,927634,200,True
Bella233,2023-01-01 09:34:42,927634,502,True
XNQyT,2023-01-01 09:39:51,645902,304,False
Bella233,2023-01-01 09:41:30,874264,401,True
QEsMLRd,2023-01-01 09:43:41,370650,401,False
iPjjzZ,2023-01-01 09:45:50,623907,401,False
Jack87,2023-01-01 09:48:39,874264,200,True
olZrKsII,2023-01-01 09:51:31,539673,403,False
yOWbyP,2023-01-01 09:52:23,813727,500,False
bwtzJQZwi,2023-01-01 09:53:20,513050,303,False
Kris345,2023-01-01 10:03:11,927634,200,True
Jack87,2023-01-01 10:15:45,874264,200,True
Jack87,2023-01-01 10:15:51,927634,403,True
rNZQcwD,2023-01-01 10:16:26,724890,200,False
Kris345,2023-01-01 10:19:03,874264,200,True
ZacoHZ,2023-01-01 10:20:27,221600,200,False
Jack87,2023-01-01 10:23:07,874264,502,True
Jack87,2023-01-01 10:23:46,567290,404,True
PkhGr,2023-01-01 10:28:14,995501,403,False
Bella233,2023-01-01 10:29:42,874264,403,True
dXRLYpmt,2023-01-01 10:35:44,347364,404,False
JyCzKPrNR,2023-01-01 10:40:34,401417,404,False
Jack87,2023-01-01 10:42:36,567290,502,True
Jack87,2023-01-01 10:44:15,874264,403,True
Jack87,2023-01-01 10:47:40,927634,502,True
tqrruH,2023-01-01 10:49:42,704593,200,False
Kris345,2023-01-01 10:53:13,874264,500,True
SYVGNG,2023-01-01 10:53:59,660824,200,False
bwkcrKCar,2023-01-01 10:54:56,417005,404,False
xARBHxvChx,2023-01-01 10:57:14,714012,403,False
Bella233,2023-01-01 10:58:24,567290,403,True
BOah,2023-01-01 11:01:08,294508,401,False
NhWPrxygz,2023-01-01 11:01:25,381611,303,False
fIMwDwqa,2023-01-01 11:01:47,284680,304,False
uQqqYbH,2023-01-01 11:08:54,611562,502,False
Jack87,2023-01-01 11:11:34,567290,502,True
Jack87,2023-01-01 11:12:05,874264,502,True
Kris345,2023-01-01 11:12:43,927634,200,True
FuobEe,2023-01-01 11:19:30,288953,200,False
UBWieMjdp,2023-01-01 11:22:30,142704,200,False
Bella233,2023-01-01 11:25:48,567290,303,True
nFbTjHHwfl,2023-01-01 11:27:01,652482,200,False
Kris345,2023-01-01 11:28:51,927634,200,True
xxLFNLDAf,2023-01-01 11:31:16,776656,403,False
ARAs,2023-01-01 11:31:49,567290,401,False
Bella233,2023-01-01 11:36:29,874264,404,True
Jack87,2023-01-01 11:36:36,927634,303,True
Kris345,2023-01-01 11:36:53,567290,200,True
Bella233,2023-01-01 11:47:01,874264,500,True
tCmS,2023-01-01 11:54:00,617058,403,False
Kris345,2023-01-01 12:01:55,927634,401,True
MYZmOknG,2023-01-01 12:04:16,831431,200,False
Jack87,2023-01-01 12:04:31,927634,403,True
Jack87,2023-01-01 12:04:58,567290,304,True
Kris345,2023-01-01 12:07:16,927634,200,True
QHFZtowS,2023-01-01 12:09:11,953913,401,False
Bella233,2023-01-01 12:11:59,927634,403,True
OnbYSgOTi,2023-01-01 12:15:14,131798,200,False
HsQyjouN,2023-01-01 12:25:43,778625,200,False
BiEupQtPy,2023-01-01 12:34:14,753948,401,False
Jack87,2023-01-01 12:36:50,927634,200,True
Kris345,2023-01-01 12:37:46,567290,500,True
nwEz,2023-01-01 12:38:13,690051,304,False
Jack87,2023-01-01 12:43:58,567290,401,True
Kris345,2023-01-01 12:47:51,874264,403,True
KoRezB,2023-01-01 12:49:27,757168,304,False
rduvpF,2023-01-01 12:51:39,383677,403,False
gcqQ,2023-01-01 12:52:14,567290,401,False
UlME,2023-01-01 12:59:35,567290,403,False
Jack87,2023-01-01 13:03:19,874264,401,True
DNHL,2023-01-01 13:07:52,376970,200,False
Kris345,2023-01-01 13:14:11,567290,200,True
Bella233,2023-01-01 13:15:35,874264,200,True
Kris345,2023-01-01 13:19:33,567290,200,True
vRqRWq,2023-01-01 13:23:29,128487,404,False
Bella233,2023-01-01 13:26:19,874264,200,True
Bella233,2023-01-01 13:32:57,567290,500,True
Bella233,2023-01-01 13:39:52,927634,303,True
Jack87,2023-01-01 13:42:45,567290,200,True
Kris345,2023-01-01 13:43:40,567290,403,True
Bella233,2023-01-01 13:46:23,927634,200,True
wCNQ,2023-01-01 13:50:28,466673,404,False
eDRGqCOAdT,2023-01-01 13:53:26,727655,304,False
Jack87,2023-01-01 13:53:54,927634,200,True
pAWHBZgAq,2023-01-01 13:55:50,752616,404,False
Jack87,2023-01-01 14:00:20,927634,200,True
Bella233,2023-01-01 14:01:01,927634,200,True
HdlepmD,2023-01-01 14:08:19,874264,401,False
Bella233,2023-01-01 14:09:23,874264,200,True
Bella233,2023-01-01 14:12:05,874264,304,True
Jack87,2023-01-01 14:14:45,567290,401,True
QFaoeuDM,2023-01-01 14:18:06,579031,200,False
HbXlEzNkz,2023-01-01 14:20:32,879423,200,False
XDSr,2023-01-01 14:22:10,130813,303,False
Bella233,2023-01-01 14:26:27,927634,404,True
bxdJVW,2023-01-01 14:27:16,626672,502,False
Bella233,2023-01-01 14:29:34,927634,502,True
Jack87,2023-01-01 14:30:32,874264,403,True
EFuiQ,2023-01-01 14:31:40,128123,500,False
Kris345,2023-01-01 14:38:01,874264,404,True
jrYgz,2023-01-01 14:39:12,868911,200,False
Jack87,2023-01-01 14:40:17,874264,303,True
qARlKkByH,2023-01-01 14:40:27,303221,404,False
uKNttXd,2023-01-01 14:41:03,541384,403,False
Jack87,2023-01-01 14:41:33,927634,500,True
BekbLnhwMd,2023-01-01 14:44:50,520757,200,False
Bella233,2023-01-01 14:50:19,874264,403,True
FwLXPoU,2023-01-01 14:50:51,588601,403,False
Kris345,2023-01-01 14:51:40,874264,303,True
Bella233,2023-01-01 14:53:31,567290,403,True
NnvKkI,2023-01-01 14:54:01,905179,304,False
IjDGI,2023-01-01 14:55:07,950978,304,False
Kris345,2023-01-01 14:56:01,874264,502,True
yPTTYikCH,2023-01-01 14:56:26,672370,200,False
SEuwTw,2023-01-01 14:58:11,414105,404,False
Kris345,2023-01-01 15:06:15,927634,404,True
UUBzUu,2023-01-01 15:13:59,546234,303,False
Bella233,2023-01-01 15:19:36,874264,502,True
sWPN,2023-01-01 15:22:17,539125,500,False
Bella233,2023-01-01 15:23:26,874264,404,True
ACzghELcf,2023-01-01 15:25:42,983677,401,False
DvbanJiLvN,2023-01-01 15:28:33,930832,200,False
aVxJM,2023-01-01 15:29:16,990052,401,False
Kris345,2023-01-01 15:30:22,927634,500,True
qSkiRjqWer,2023-01-01 15:31:16,176167,200,False
aWcws,2023-01-01 15:33:57,290795,200,False
Bella233,2023-01-01 15:41:18,927634,500,True
Bella233,2023-01-01 15:42:50,567290,200,True
RnGG,2023-01-01 15:44:38,201225,303,False
Bella233,2023-01-01 15:48:28,927634,200,True
Bella233,2023-01-01 15:49:58,874264,500,True
KSTyndra,2023-01-01 15:57:33,704851,401,False
WextRjNw,2023-01-01 15:59:35,993344,303,False
GCJUVkd,2023-01-01 16:05:59,477166,303,False
Jack87,2023-01-01 16:07:45,874264,304,True
BZXnCCNZ,2023-01-01 16:16:26,687079,200,False
Kris345,2023-01-01 16:18:55,567290,304,True
Jack87,2023-01-01 16:22:11,927634,200,True
Kris345,2023-01-01 16:25:32,567290,401,True
pSspUo,2023-01-01 16:26:00,900213,403,False
FugmskV,2023-01-01 16:31:41,632311,200,False
Kris345,2023-01-01 16:32:25,567290,200,True
Jack87,2023-01-01 16:47:34,567290,200,True
Bella233,2023-01-01 16:48:49,927634,403,True
vNUFTkhj,2023-01-01 16:50:44,990385,403,False
XhEV,2023-01-01 16:51:37,424131,200,False
Kris345,2023-01-01 16:55:30,567290,304,True
Kris345,2023-01-01 17:01:12,874264,200,True
wVjho,2023-01-01 17:03:05,231120,401,False
cUnxAhUUqI,2023-01-01 17:03:41,835033,500,False
Kris345,2023-01-01 17:07:48,567290,401,True
Kris345,2023-01-01 17:14:49,567290,200,True
Bella233,2023-01-01 17:17:38,927634,200,True
PRJKOXCR,2023-01-01 17:17:45,689739,303,False
Kvvh,2023-01-01 17:18:25,736307,303,False
Jack87,2023-01-01 17:21:22,874264,304,True
TLubacGS,2023-01-01 17:27:18,502138,403,False
Bella233,2023-01-01 17:27:19,567290,200,True
Ecztk,2023-01-01 17:27:35,937748,303,False
ZyEl,2023-01-01 17:28:10,927634,303,False
gAOHJ,2023-01-01 17:28:51,882398,502,False
Jack87,2023-01-01 17:31:15,874264,200,True
tAOB,2023-01-01 17:31:46,394114,200,False
UpoZdkX,2023-01-01 17:38:18,855996,200,False
Kris345,2023-01-01 17:38:31,927634,303,True
Jack87,2023-01-01 17:41:07,874264,200,True
eVAaF,2023-01-01 17:43:18,477734,403,False
Jack87,2023-01-01 17:47:47,874264,200,True
zYoKs,2023-01-01 17:57:15,269078,500,False
Bella233,2023-01-01 17:57:48,567290,404,True
EVJBot,2023-01-01 18:02:53,318277,403,False
Jack87,2023-01-01 18:04:26,567290,403,True
owmBbMM,2023-01-01 18:04:43,983454,404,False
SjNRtmTpbB,2023-01-01 18:04:49,230731,200,False
otSWalVs,2023-01-01 18:07:57,194683,200,False
Jack87,2023-01-01 18:09:53,927634,200,True
qhgJ,2023-01-01 18:13:16,331683,200,False
Kris345,2023-01-01 18:13:19,874264,502,True
TNItvOo,2023-01-01 18:16:23,302899,303,False
Bella233,2023-01-01 18:21:02,567290,404,True
CSnIFDZiNj,2023-01-01 18:22:47,867080,200,False
Jack87,2023-01-01 18:35:25,874264,200,True
yZEZLlur,2023-01-01 18:35:39,210359,200,False
qmvo,2023-01-01 18:36:58,984538,304,False
UvAhStC,2023-01-01 18:38:00,313513,200,False
aLzRon,2023-01-01 18:40:22,406305,401,False
Kris345,2023-01-01 18:40:30,927634,200,True
Bella233,2023-01-01 18:41:13,567290,500,True
Bella233,2023-01-01 18:42:38,567290,303,True
Bella233,2023-01-01 18:46:05,927634,502,True
Bella233,2023-01-01 18:48:13,874264,404,True
Kris345,2023-01-01 18:48:34,567290,200,True
Kris345,2023-01-01 18:48:58,567290,403,True
Jack87,2023-01-01 18:50:03,567290,502,True
Kris345,2023-01-01 18:54:36,874264,200,True
Bella233,2023-01-01 18:55:41,927634,403,True
Bella233,2023-01-01 18:58:49,567290,403,True
Jack87,2023-01-01 18:58:52,874264,404,True
pdcvRK,2023-01-01 18:59:58,927634,502,False
JpswqX,2023-01-01 19:01:05,241964,200,False
Bella233,2023-01-01 19:05:27,927634,303,True
Bella233,2023-01-01 19:05:36,874264,502,True
OodCuB,2023-01-01 19:07:29,567290,200,False
Kris345,2023-01-01 19:12:05,567290,200,True
Bella233,2023-01-01 19:18:42,874264,404,True
gVTwbJDnmp,2023-01-01 19:20:18,930675,200,False
MWCauup,2023-01-01 19:27:03,332581,403,False
Kris345,2023-01-01 19:30:58,927634,200,True
Bella233,2023-01-01 19:34:40,927634,403,True
Kris345,2023-01-01 19:36:42,567290,500,True
CvZfrMIcZe,2023-01-01 19:41:25,185923,401,False
vTJl,2023-01-01 19:56:07,567290,200,False
Kris345,2023-01-01 19:57:30,567290,403,True
CYzQ,2023-01-01 19:58:45,577823,200,False
Kris345,2023-01-01 19:59:27,567290,200,True
kRWeyOr,2023-01-01 19:59:50,428445,404,False
EOKNFfZuV,2023-01-01 20:00:18,572797,303,False
Jack87,2023-01-01 20:01:53,927634,403,True
gyGbaJOke,2023-01-01 20:03:31,341329,500,False
Jack87,2023-01-01 20:03:59,874264,200,True
Kris345,2023-01-01 20:04:22,567290,200,True
Jack87,2023-01-01 20:05:09,874264,401,True
PTMvzVD,2023-01-01 20:07:14,994615,403,False
fVFbIOGr,2023-01-01 20:12:05,927634,304,False
Jack87,2023-01-01 20:15:15,567290,502,True
Bella233,2023-01-01 20:15:19,874264,200,True
Bella233,2023-01-01 20:17:39,874264,502,True
Kris345,2023-01-01 20:17:58,927634,200,True
BFokaQc,2023-01-01 20:19:20,960418,303,False
QkhjtGVgVL,2023-01-01 20:24:01,645779,303,False
Jack87,2023-01-01 20:24:38,567290,500,True
Jack87,2023-01-01 20:28:19,874264,500,True
AmOLmpI,2023-01-01 20:29:56,544919,304,False
Kris345,2023-01-01 20:30:38,874264,200,True
rnNsCr,2023-01-01 20:36:05,172208,304,False
xrJkYx,2023-01-01 20:38:28,374662,200,False
Kris345,2023-01-01 20:38:36,567290,303,True
Bella233,2023-01-01 20:38:57,927634,401,True
Kris345,2023-01-01 20:40:28,874264,200,True
kpSw,2023-01-01 20:41:14,319853,404,False
mSxWpWi,2023-01-01 20:42:17,151356,502,False
cJISUlyB,2023-01-01 20:47:00,630454,200,False
Jack87,2023-01-01 20:49:06,567290,500,True
Jack87,2023-01-01 21:03:32,874264,404,True
gffo,2023-01-01 21:05:12,174932,403,False
LcRjzXD,2023-01-01 21:07:58,328269,303,False
Kris345,2023-01-01 21:11:40,874264,500,True
Jack87,2023-01-01 21:12:24,874264,200,True
ifsjwW,2023-01-01 21:13:23,903698,200,False
rekA,2023-01-01 21:13:30,726271,303,False
Bella233,2023-01-01 21:14:00,927634,502,True
Jack87,2023-01-01 21:20:07,567290,200,True
QXJbMbGU,2023-01-01 21:30:42,539121,303,False
Kris345,2023-01-01 21:31:06,567290,502,True
Bella233,2023-01-01 21:34:36,567290,500,True
WGqaxNR,2023-01-01 21:34:45,246757,403,False
Bella233,2023-01-01 21:34:59,927634,500,True
CyHAo,2023-01-01 21:35:44,776235,200,False
Kris345,2023-01-01 21:36:04,874264,304,True
MtDiNhRP,2023-01-01 21:36:48,914324,200,False
rAxPHocXC,2023-01-01 21:37:30,564731,200,False
gZFFzFKp,2023-01-01 21:37:59,978235,500,False
nzLfvsxzI,2023-01-01 21:39:34,622931,404,False
AJFrZdPrc,2023-01-01 21:39:58,822320,304,False
Kris345,2023-01-01 21:40:42,927634,502,True
WqdOilhhur,2023-01-01 21:45:07,456497,200,False
Bella233,2023-01-01 21:45:10,874264,403,True
eXLpHHUD,2023-01-01 21:46:42,394857,401,False
YNsXguwWuO,2023-01-01 21:50:00,774574,200,False
vQQvke,2023-01-01 21:56:06,677950,200,False
Bella233,2023-01-01 21:59:05,927634,304,True
Jack87,2023-01-01 22:02:45,927634,500,True
Kris345,2023-01-01 22:03:14,927634,200,True
Kris345,2023-01-01 22:03:24,567290,401,True
Bella233,2023-01-01 22:04:42,927634,200,True
Kris345,2023-01-01 22:09:18,567290,500,True
VYAwabNiyV,2023-01-01 22:13:46,249382,502,False
Jack87,2023-01-01 22:15:01,927634,404,True
KqWLPaOUA,2023-01-01 22:15:19,322793,404,False
Bella233,2023-01-01 22:16:03,567290,200,True
FBxAsvXOc,2023-01-01 22:23:18,708685,403,False
Xfru,2023-01-01 22:24:41,420304,500,False
Yltuc,2023-01-01 22:26:24,831271,500,False
Bella233,2023-01-01 22:27:32,874264,200,True
Jack87,2023-01-01 22:28:16,874264,304,True
Bella233,2023-01-01 22:29:28,874264,304,True
Jack87,2023-01-01 22:30:26,874264,401,True
dkUddWIRi,2023-01-01 22:31:25,518430,403,False
Kris345,2023-01-01 22:35:13,567290,303,True
FhPtWT,2023-01-01 22:39:17,439613,200,False
Jack87,2023-01-01 22:39:18,927634,502,True
FmZtyUC,2023-01-01 22:40:50,150196,200,False
MmPoLiJJzD,2023-01-01 22:44:58,583636,500,False
VmfNRJF,2023-01-01 22:45:01,519053,200,False
IabHRjL,2023-01-01 22:46:33,697134,500,False
tdSorU,2023-01-01 22:50:07,561843,500,False
Bella233,2023-01-01 22:51:27,567290,403,True
Kris345,2023-01-01 22:54:56,874264,200,True
sWLmHhEAB,2023-01-01 22:58:17,263386,502,False
Bella233,2023-01-01 22:58:48,927634,200,True
WvHtyozj,2023-01-01 22:59:32,439859,304,False
IOYqeEvF,2023-01-01 23:04:07,816047,200,False
Kris345,2023-01-01 23:07:54,874264,200,True
Jack87,2023-01-01 23:07:59,567290,200,True
Jack87,2023-01-01 23:11:09,567290,500,True
Kris345,2023-01-01 23:13:53,927634,304,True
Kris345,2023-01-01 23:13:55,567290,500,True
jrpiXD,2023-01-01 23:17:37,727039,401,False
Jack87,2023-01-01 23:22:38,927634,200,True
wdTq,2023-01-01 23:24:49,389241,304,False
WOJKxO,2023-01-01 23:24:57,890852,304,False
rAnW,2023-01-01 23:27:55,785768,304,False
Bella233,2023-01-01 23:29:14,567290,200,True
Kris345,2023-01-01 23:31:22,927634,401,True
IVKbR,2023-01-01 23:36:39,678382,401,False
Jack87,2023-01-01 23:38:53,567290,200,True
YihBvPeik,2023-01-01 23:47:36,677736,304,False
Jack87,2023-01-01 23:47:40,567290,403,True
yNszQ,2023-01-01 23:50:19,542474,502,False
Jack87,2023-01-01 23:50:46,874264,500,True
Jack87,2023-01-01 23:57:31,874264,200,True
TAAffAQi,2023-01-01 23:58:02,567290,403,False
Bella233,2023-01-02 00:00:16,927634,404,True
Kris345,2023-01-02 00:03:47,874264,502,True
Kris345,2023-01-02 00:07:15,927634,200,True
nAogponAn,2023-01-02 00:08:12,177901,304,False
yvKvYz,2023-01-02 00:15:32,776402,200,False
HfuAyYzKg,2023-01-02 00:20:40,809361,404,False
zNlAMowrz,2023-01-02 00:23:43,175167,500,False
Jack87,2023-01-02 00:30:20,874264,404,True
ACDv,2023-01-02 00:31:36,771047,401,False
Kris345,2023-01-02 00:32:39,927634,401,True
Bella233,2023-01-02 00:32:56,567290,200,True
Kris345,2023-01-02 00:34:16,567290,401,True
Kris345,2023-01-02 00:35:06,567290,200,True
gaaF,2023-01-02 00:35:38,566863,304,False
ZsXuEQKmHM,2023-01-02 00:36:07,239592,403,False
ygfHZdCqov,2023-01-02 00:38:36,764874,404,False
Kris345,2023-01-02 00:42:38,567290,200,True
nGDIZOLBd,2023-01-02 00:43:54,237398,303,False
iwioP,2023-01-02 00:44:12,748112,502,False
Bella233,2023-01-02 00:44:20,874264,502,True
Jack87,2023-01-02 00:46:37,567290,200,True
Jack87,2023-01-02 00:49:40,567290,200,True
AEYUd,2023-01-02 01:00:02,778265,200,False
xIiINNg,2023-01-02 01:01:21,996749,303,False
tuanJJ,2023-01-02 01:03:35,139940,401,False
NYPc,2023-01-02 01:05:08,678380,303,False
Kris345,2023-01-02 01:05:36,874264,303,True
Bella233,2023-01-02 01:05:49,567290,304,True
bayGqibUI,2023-01-02 01:10:46,963343,401,False
GeUv,2023-01-02 01:13:32,990036,401,False
Kris345,2023-01-02 01:17:18,874264,200,True
Kris345,2023-01-02 01:20:24,567290,502,True
ncRD,2023-01-02 01:20:26,826777,200,False
Bella233,2023-01-02 01:22:05,874264,303,True
ujchpfw,2023-01-02 01:23:04,924461,303,False
Kris345,2023-01-02 01:23:38,874264,200,True
Kris345,2023-01-02 01:25:15,927634,502,True
NJGgzMk,2023-01-02 01:25:42,957957,401,False
TWgzLNfLK,2023-01-02 01:28:28,931340,403,False
OYtzGBml,2023-01-02 01:30:23,729520,304,False
NUvD,2023-01-02 01:33:08,880890,404,False
Bella233,2023-01-02 01:34:01,874264,404,True
Bella233,2023-01-02 01:35:04,927634,200,True
vfas,2023-01-02 01:36:38,861825,404,False
Kris345,2023-01-02 01:40:07,927634,404,True
SqGpESuIT,2023-01-02 01:40:59,503053,200,False
Kris345,2023-01-02 01:50:57,927634,200,True
Jack87,2023-01-02 01:51:57,927634,502,True
SmHqUKOlEX,2023-01-02 01:55:34,819235,502,False
Apiszzumt,2023-01-02 02:01:34,196501,404,False
Jack87,2023-01-02 02:04:37,567290,200,True
Jack87,2023-01-02 02:18:42,874264,200,True
zWFymkO,2023-01-02 02:18:55,894992,401,False
Jack87,2023-01-02 02:20:21,927634,304,True
Kris345,2023-01-02 02:24:33,567290,403,True
Bella233,2023-01-02 02:32:47,927634,500,True
Kris345,2023-01-02 02:35:34,927634,200,True
Bella233,2023-01-02 02:39:41,927634,303,True
axXQv,2023-01-02 02:49:58,404316,200,False
qiNceVNu,2023-01-02 02:50:05,807896,200,False
Bella233,2023-01-02 02:50:30,927634,200,True
dURPTX,2023-01-02 02:58:43,944473,303,False
Kris345,2023-01-02 02:59:24,567290,200,True
SBctV,2023-01-02 03:00:19,512877,403,False
Kris345,2023-01-02 03:04:17,874264,401,True
Bella233,2023-01-02 03:10:24,567290,200,True
zbXLqfhrq,2023-01-02 03:17:09,767278,401,False
tlHZJTCcZR,2023-01-02 03:21:07,686580,401,False
rSEwsUulJ,2023-01-02 03:21:29,330400,200,False
Jack87,2023-01-02 03:34:25,927634,200,True
NqTU,2023-01-02 03:43:26,292671,200,False
Bella233,2023-01-02 03:48:57,874264,401,True
Jack87,2023-01-02 03:54:13,927634,502,True
Jack87,2023-01-02 03:55:42,927634,401,True
trVoYIKCkr,2023-01-02 03:56:40,749418,200,False
oKcInYF,2023-01-02 03:57:01,713478,502,False
Kris345,2023-01-02 04:02:08,874264,403,True
Kris345,2023-01-02 04:02:15,874264,200,True
JEkFjGRD,2023-01-02 04:02:15,108406,200,False
AApE,2023-01-02 04:05:54,669473,403,False
Kris345,2023-01-02 04:06:30,874264,403,True
YDkiuYSp,2023-01-02 04:09:19,591880,304,False
Bella233,2023-01-02 04:10:55,927634,401,True
SxIgZT,2023-01-02 04:11:20,467548,200,False
Jack87,2023-01-02 04:14:08,567290,500,True
nXHYSkUOp,2023-01-02 04:14:24,339055,200,False
blDbWamcl,2023-01-02 04:20:04,139796,403,False
jzaV,2023-01-02 04:25:24,697937,200,False
Bella233,2023-01-02 04:26:32,567290,200,True
fgqi,2023-01-02 04:26:39,722125,304,False
vKnHr,2023-01-02 04:32:45,479362,200,False
Jack87,2023-01-02 04:37:06,567290,200,True
Bella233,2023-01-02 04:43:14,874264,200,True
CwhDQiuwq,2023-01-02 04:43:29,756276,304,False
Jack87,2023-01-02 04:43:50,927634,500,True
Bella233,2023-01-02 04:57:59,567290,304,True
zDKqshBjOi,2023-01-02 05:06:25,846414,303,False
Jack87,2023-01-02 05:07:59,927634,401,True
Jack87,2023-01-02 05:09:10,927634,502,True
rHqigyPRz,2023-01-02 05:13:02,493025,200,False
jvuBHtTJ,2023-01-02 05:13:38,927634,404,False
Bella233,2023-01-02 05:14:56,927634,404,True
Jack87,2023-01-02 05:19:47,874264,502,True
Jack87,2023-01-02 05:20:39,927634,401,True
mKjY,2023-01-02 05:21:33,705069,304,False
Bella233,2023-01-02 05:22:27,927634,401,True
Bella233,2023-01-02 05:23:53,567290,502,True
Bella233,2023-01-02 05:25:19,927634,304,True
Jack87,2023-01-02 05:27:30,874264,200,True
XpaXjr,2023-01-02 05:31:14,874264,403,False
Jack87,2023-01-02 05:35:22,927634,500,True
piNUagDUc,2023-01-02 05:43:23,820648,404,False
Jack87,2023-01-02 05:47:06,927634,200,True
Bella233,2023-01-02 05:47:14,927634,200,True
Jack87,2023-01-02 05:49:10,874264,200,True
KmZmJnbo,2023-01-02 05:50:28,376179,502,False
OmzmFAebeN,2023-01-02 05:51:29,682728,403,False
JncdqucwWO,2023-01-02 05:53:11,238758,200,False
fMVtLh,2023-01-02 05:55:18,919161,403,False
dcplEkYC,2023-01-02 05:56:17,374784,502,False
Bella233,2023-01-02 05:57:24,567290,401,True
Bella233,2023-01-02 05:58:03,567290,200,True
ydtayOqgt,2023-01-02 06:00:42,874264,303,False
Bella233,2023-01-02 06:08:36,927634,200,True
yrYqeFDtGM,2023-01-02 06:11:18,450002,304,False
Bella233,2023-01-02 06:16:15,927634,502,True
Bella233,2023-01-02 06:17:28,567290,200,True
Jack87,2023-01-02 06:17:32,927634,304,True
EPMwNqKC,2023-01-02 06:18:35,592615,200,False
Bella233,2023-01-02 06:18:37,927634,303,True
vgFqKjuls,2023-01-02 06:23:47,756838,200,False
Bella233,2023-01-02 06:24:02,567290,404,True
Jack87,2023-01-02 06:25:41,874264,200,True
KTRxtI,2023-01-02 06:28:22,404907,200,False
Kris345,2023-01-02 06:31:03,874264,200,True
Bella233,2023-01-02 06:32:35,927634,200,True
cUuIOYaUmc,2023-01-02 06:41:40,789343,200,False
jHuTSttLJ,2023-01-02 06:43:10,525557,404,False
PFLy,2023-01-02 06:43:47,865383,403,False
Jack87,2023-01-02 06:50:12,927634,403,True
Kris345,2023-01-02 06:52:30,874264,304,True
Kris345,2023-01-02 06:52:45,874264,304,True
Bella233,2023-01-02 06:58:43,927634,200,True
YUDOMp,2023-01-02 07:01:24,296427,403,False
Bella233,2023-01-02 07:05:12,874264,404,True
kztUjDa,2023-01-02 07:09:42,772441,200,False
hFuQdziKim,2023-01-02 07:10:01,335638,502,False
Kris345,2023-01-02 07:12:59,927634,200,True
ZkxoXEmVv,2023-01-02 07:13:12,676489,500,False
Kris345,2023-01-02 07:15:24,874264,304,True
Bella233,2023-01-02 07:20:37,567290,401,True
Bella233,2023-01-02 07:23:48,874264,304,True
Bella233,2023-01-02 07:24:09,874264,200,True
Jack87,2023-01-02 07:26:09,874264,401,True
Bella233,2023-01-02 07:26:36,874264,403,True
WFvIsO,2023-01-02 07:29:09,741566,200,False
Jack87,2023-01-02 07:33:28,874264,200,True
dcJWxGDdL,2023-01-02 07:35:07,173724,200,False
VpqBjsKWCG,2023-01-02 07:36:30,983892,404,False
Jack87,2023-01-02 07:37:39,927634,304,True
pGodaahFF,2023-01-02 07:42:22,567084,404,False
UNvzSoioy,2023-01-02 07:44:02,382621,304,False
Bella233,2023-01-02 07:46:26,874264,200,True
TiPPiBjTe,2023-01-02 07:47:20,874264,303,False
Kris345,2023-01-02 07:55:09,927634,200,True
NzILm,2023-01-02 07:57:13,804824,403,False
Bella233,2023-01-02 07:58:20,874264,401,True
Kris345,2023-01-02 07:59:05,567290,502,True
YfkWPWEdFW,2023-01-02 08:06:50,986874,500,False
Bella233,2023-01-02 08:09:53,567290,502,True
Bella233,2023-01-02 08:12:28,567290,502,True
XPIlPIs,2023-01-02 08:15:24,908233,200,False
Kris345,2023-01-02 08:16:57,874264,200,True
Kris345,2023-01-02 08:16:58,874264,403,True
Bella233,2023-01-02 08:17:31,927634,200,True
GvSh,2023-01-02 08:19:03,303101,200,False
Jack87,2023-01-02 08:22:29,567290,200,True
vhOjzW,2023-01-02 08:22:38,234390,403,False
TnvjjXGFT,2023-01-02 08:26:14,291637,500,False
Kris345,2023-01-02 08:29:26,927634,200,True
Kris345,2023-01-02 08:29:35,874264,304,True
xeheawQ,2023-01-02 08:31:10,943291,200,False
pGkzCkB,2023-01-02 08:35:45,116170,401,False
VrMUsBY,2023-01-02 08:39:41,197453,403,False
Jack87,2023-01-02 08:39:42,927634,500,True
Bella233,2023-01-02 08:41:19,927634,500,True
Kris345,2023-01-02 08:47:16,927634,304,True
Kris345,2023-01-02 08:48:30,927634,404,True
Bella233,2023-01-02 08:49:48,567290,200,True
Kris345,2023-01-02 08:52:16,567290,404,True
Kris345,2023-01-02 08:57:18,874264,200,True
KHZa,2023-01-02 09:01:14,684728,404,False
Kris345,2023-01-02 09:01:36,874264,500,True
QbNlk,2023-01-02 09:04:13,605747,200,False
uEfeBWMh,2023-01-02 09:13:05,567290,303,False
ryatZ,2023-01-02 09:16:04,807809,502,False
Kris345,2023-01-02 09:24:12,567290,200,True
gNZiZIx,2023-01-02 09:29:01,572684,500,False
Kris345,2023-01-02 09:29:34,567290,200,True
ZfGiSYKV,2023-01-02 09:29:36,914349,403,False
YcdhuBQ,2023-01-02 09:33:26,620644,200,False
Kris345,2023-01-02 09:45:47,874264,304,True
Kris345,2023-01-02 09:50:38,874264,401,True
Bella233,2023-01-02 09:50:41,927634,200,True
Jack87,2023-01-02 09:50:49,874264,304,True
UFScXfKsu,2023-01-02 09:51:33,987604,401,False
Kris345,2023-01-02 09:53:15,567290,200,True
Jack87,2023-01-02 10:00:27,567290,200,True
iiBXHEYSjh,2023-01-02 10:08:12,399136,403,False
NGdqYEkij,2023-01-02 10:09:05,911405,304,False
Kris345,2023-01-02 10:09:36,927634,200,True
AWRTujIT,2023-01-02 10:14:38,376476,303,False
FLZSFGIVb,2023-01-02 10:16:44,705191,200,False
Jack87,2023-01-02 10:20:00,874264,200,True
kCSjTG,2023-01-02 10:21:58,297541,404,False
xBIl,2023-01-02 10:22:45,638531,200,False
Bella233,2023-01-02 10:22:52,927634,303,True
jQbbWVh,2023-01-02 10:27:23,200200,401,False
vUbMe,2023-01-02 10:30:53,381771,502,False
Kris345,2023-01-02 10:34:56,567290,401,True
Kris345,2023-01-02 10:36:06,567290,200,True
FcDxGbqNCy,2023-01-02 10:36:18,447566,403,False
yVANupdilA,2023-01-02 10:38:10,660297,401,False
Kris345,2023-01-02 10:39:01,927634,200,True
Jack87,2023-01-02 10:41:09,927634,303,True
Jack87,2023-01-02 10:44:53,927634,404,True
OJOtni,2023-01-02 10:46:55,625551,502,False
yRTP,2023-01-02 10:46:56,438090,200,False
Jack87,2023-01-02 10:52:03,567290,200,True
Kris345,2023-01-02 10:52:12,874264,200,True
Bella233,2023-01-02 10:52:30,874264,200,True
iUNWwVoeX,2023-01-02 10:57:55,655599,502,False
Kris345,2023-01-02 11:01:07,567290,500,True
uSML,2023-01-02 11:07:31,603434,500,False
IwmCzBrenu,2023-01-02 11:10:34,838367,200,False
Jack87,2023-01-02 11:11:20,567290,502,True
sDXD,2023-01-02 11:12:19,263126,200,False
Bella233,2023-01-02 11:15:07,874264,200,True
Jack87,2023-01-02 11:16:24,874264,502,True
Kris345,2023-01-02 11:18:34,874264,403,True
vqcH,2023-01-02 11:22:25,808835,404,False
Bella233,2023-01-02 11:23:05,927634,404,True
Jack87,2023-01-02 11:27:57,567290,500,True
Kris345,2023-01-02 11:29:42,874264,200,True
IyUp,2023-01-02 11:31:14,142194,404,False
Bella233,2023-01-02 11:31:54,927634,200,True
Bella233,2023-01-02 11:32:07,927634,303,True
VsQgNyPQ,2023-01-02 11:32:07,323529,401,False
Bella233,2023-01-02 11:32:25,874264,500,True
Bella233,2023-01-02 11:34:10,927634,500,True
Bella233,2023-01-02 11:35:43,874264,403,True
Jack87,2023-01-02 11:41:12,874264,403,True
Bella233,2023-01-02 11:43:29,874264,200,True
Bella233,2023-01-02 11:47:20,927634,303,True
qIYBgesog,2023-01-02 11:48:04,737586,200,False
nHcc,2023-01-02 11:52:12,330444,403,False
Bella233,2023-01-02 11:58:26,927634,200,True
Bella233,2023-01-02 12:00:15,567290,200,True
Kris345,2023-01-02 12:01:55,927634,200,True
Bella233,2023-01-02 12:02:24,567290,200,True
qzvP,2023-01-02 12:02:41,558749,303,False
Kris345,2023-01-02 12:02:48,567290,304,True
Bella233,2023-01-02 12:03:07,567290,200,True
Kris345,2023-01-02 12:09:58,567290,303,True
Bella233,2023-01-02 12:10:51,927634,200,True
AmdCefoAT,2023-01-02 12:14:47,277424,200,False
DvxiiPEW,2023-01-02 12:15:02,286025,200,False
lddf,2023-01-02 12:15:29,843689,200,False
tHzmwrJqHH,2023-01-02 12:22:11,772060,403,False
Bella233,2023-01-02 12:23:34,567290,404,True
Bella233,2023-01-02 12:25:24,567290,200,True
ZLPVfbdddE,2023-01-02 12:26:05,105486,403,False
Jack87,2023-01-02 12:27:29,567290,403,True
Kris345,2023-01-02 12:34:02,874264,403,True
Bella233,2023-01-02 12:36:55,874264,200,True
Kris345,2023-01-02 12:40:50,874264,502,True
NLPNF,2023-01-02 12:40:57,809379,502,False
Kris345,2023-01-02 12:49:51,874264,502,True
rAyftEd,2023-01-02 12:49:53,440571,404,False
Kris345,2023-01-02 12:54:56,567290,500,True
Jack87,2023-01-02 12:55:49,927634,304,True
SwthkkBmz,2023-01-02 13:01:39,679840,401,False
Jack87,2023-01-02 13:03:44,567290,502,True
Bella233,2023-01-02 13:04:20,567290,200,True
Kris345,2023-01-02 13:08:08,927634,200,True
Kris345,2023-01-02 13:12:30,567290,200,True
TNNlcpiLgD,2023-01-02 13:16:38,937291,200,False
Jack87,2023-01-02 13:18:05,874264,500,True
Bella233,2023-01-02 13:18:17,874264,404,True
Bella233,2023-01-02 13:20:59,927634,304,True
fhvUAjSJpD,2023-01-02 13:25:22,680439,502,False
QJvoSxzNR,2023-01-02 13:33:36,218012,500,False
jGygY,2023-01-02 13:33:51,704346,304,False
RxLco,2023-01-02 13:41:17,928558,200,False
Bella233,2023-01-02 13:44:08,567290,502,True
Kris345,2023-01-02 13:44:19,874264,200,True
Bella233,2023-01-02 13:44:35,874264,502,True
xSUTggqcZ,2023-01-02 13:45:40,896495,200,False
IjLfSle,2023-01-02 13:50:10,475488,403,False
rJRVZwamWF,2023-01-02 13:53:51,670981,401,False
aXOjuWzYTE,2023-01-02 14:03:55,687109,500,False
Bella233,2023-01-02 14:04:51,927634,200,True
QKbeJy,2023-01-02 14:04:57,874264,500,False
afeCPHH,2023-01-02 14:06:33,305618,200,False
eThgzCZX,2023-01-02 14:07:29,659760,404,False
jEFvYircbu,2023-01-02 14:08:50,357122,200,False
phuKeKXrr,2023-01-02 14:15:51,185068,303,False
Kris345,2023-01-02 14:18:12,927634,303,True
Kris345,2023-01-02 14:22:57,927634,200,True
khNms,2023-01-02 14:31:51,173390,303,False
rYDO,2023-01-02 14:32:07,231664,500,False
rSTQyAqqXv,2023-01-02 14:32:49,488620,500,False
hyYNyai,2023-01-02 14:34:50,438446,502,False
PQuQe,2023-01-02 14:39:12,326958,403,False
Bella233,2023-01-02 14:40:51,567290,401,True
Bella233,2023-01-02 14:43:07,567290,200,True
Bella233,2023-01-02 14:43:55,567290,200,True
Kris345,2023-01-02 14:45:08,874264,502,True
Bella233,2023-01-02 14:45:41,927634,401,True
Jack87,2023-01-02 14:57:15,567290,200,True
Bella233,2023-01-02 14:58:57,927634,500,True
wirELOUeU,2023-01-02 14:59:34,325744,200,False
Kris345,2023-01-02 14:59:49,927634,200,True
VGFFkR,2023-01-02 15:00:21,576018,401,False
Bella233,2023-01-02 15:02:12,927634,200,True
Bella233,2023-01-02 15:02:19,874264,200,True
Jack87,2023-01-02 15:03:04,874264,200,True
Kris345,2023-01-02 15:05:58,874264,500,True
PGUm,2023-01-02 15:06:11,315350,200,False
Bella233,2023-01-02 15:07:12,874264,200,True
Jack87,2023-01-02 15:11:03,874264,200,True
JGYt,2023-01-02 15:15:43,394754,502,False
Bella233,2023-01-02 15:18:40,567290,200,True
Jack87,2023-01-02 15:19:51,927634,502,True
Bella233,2023-01-02 15:21:46,874264,200,True
Jack87,2023-01-02 15:23:26,567290,401,True
Kris345,2023-01-02 15:26:00,927634,500,True
Jack87,2023-01-02 15:28:37,567290,404,True
Jack87,2023-01-02 15:29:08,567290,200,True
Jack87,2023-01-02 15:33:33,567290,200,True
Bella233,2023-01-02 15:34:57,567290,502,True
cYMcF,2023-01-02 15:47:05,970836,200,False
oeloXj,2023-01-02 15:56:21,553711,502,False
ixnigTyeRB,2023-01-02 16:05:01,581266,500,False
Bella233,2023-01-02 16:06:40,874264,403,True
Kris345,2023-01-02 16:12:04,927634,200,True
Bella233,2023-01-02 16:18:43,567290,304,True
azBHGCrt,2023-01-02 16:18:51,405630,200,False
AOkLtuYnXq,2023-01-02 16:21:18,935407,303,False
Kris345,2023-01-02 16:23:38,874264,304,True
Bella233,2023-01-02 16:25:57,927634,200,True
Jack87,2023-01-02 16:36:39,567290,200,True
Bella233,2023-01-02 16:40:56,927634,200,True
aqiNjGw,2023-01-02 16:44:28,439099,200,False
Kris345,2023-01-02 16:47:49,567290,200,True
Bella233,2023-01-02 16:54:05,567290,303,True
Bella233,2023-01-02 17:02:40,927634,200,True
AJWq,2023-01-02 17:04:16,889574,404,False
Jack87,2023-01-02 17:04:22,927634,401,True
hANwQZiYU,2023-01-02 17:04:53,425205,200,False
Jack87,2023-01-02 17:08:49,567290,200,True
Kris345,2023-01-02 17:10:19,874264,200,True
Kris345,2023-01-02 17:12:16,927634,502,True
iRAbINvhjc,2023-01-02 17:13:04,957178,200,False
pFCI,2023-01-02 17:13:18,169345,403,False
Kris345,2023-01-02 17:13:41,927634,200,True
Kris345,2023-01-02 17:20:47,567290,304,True
Jack87,2023-01-02 17:24:26,567290,200,True
FkDYu,2023-01-02 17:28:10,569867,502,False
dZIp,2023-01-02 17:28:39,996854,403,False
vRVuCIuY,2023-01-02 17:31:02,164737,200,False
Bella233,2023-01-02 17:31:04,567290,200,True
Bella233,2023-01-02 17:32:02,874264,303,True
GmttSbWO,2023-01-02 17:32:59,295326,403,False
NcGCaFgHE,2023-01-02 17:33:34,211319,200,False
yeSRDDfro,2023-01-02 17:37:24,771054,200,False
Kris345,2023-01-02 17:45:37,567290,502,True
Kris345,2023-01-02 17:47:10,874264,401,True
ZMFetro,2023-01-02 17:49:26,597779,200,False
Kris345,2023-01-02 17:49:30,874264,200,True
Bella233,2023-01-02 17:51:46,927634,200,True
Jack87,2023-01-02 17:58:36,927634,200,True
Bella233,2023-01-02 18:02:38,567290,502,True
Jack87,2023-01-02 18:11:04,927634,304,True
Bella233,2023-01-02 18:16:55,927634,304,True
Kris345,2023-01-02 18:17:02,927634,200,True
Kris345,2023-01-02 18:17:14,567290,200,True
Jack87,2023-01-02 18:21:42,567290,200,True
Kris345,2023-01-02 18:23:22,567290,303,True
Jack87,2023-01-02 18:25:11,567290,200,True
Jack87,2023-01-02 18:26:01,874264,200,True
QaqkH,2023-01-02 18:28:29,163247,200,False
iAtACMtI,2023-01-02 18:28:55,595595,502,False
Kris345,2023-01-02 18:32:42,927634,401,True
Jack87,2023-01-02 18:34:58,874264,401,True
HrQeUNL,2023-01-02 18:35:38,742212,200,False
zmgLw,2023-01-02 18:35:51,897641,401,False
VzZzYiBA,2023-01-02 18:46:54,791174,502,False
Kris345,2023-01-02 18:47:05,874264,200,True
fyQXxC,2023-01-02 18:50:50,237401,403,False
Bella233,2023-01-02 18:53:22,874264,401,True
JVQWnfuwF,2023-01-02 18:58:37,515092,404,False
XSLevzJjX,2023-01-02 19:01:10,265104,200,False
KSICIA,2023-01-02 19:03:50,859768,303,False
azGhS,2023-01-02 19:11:21,515088,200,False
Kris345,2023-01-02 19:12:43,927634,403,True
Jack87,2023-01-02 19:17:20,874264,200,True
FjMHvtzzH,2023-01-02 19:19:48,420061,502,False
jpadB,2023-01-02 19:22:45,147001,303,False
EGMOHe,2023-01-02 19:24:31,842801,500,False
Bella233,2023-01-02 19:25:57,927634,404,True
Jack87,2023-01-02 19:26:56,927634,200,True
Jack87,2023-01-02 19:31:08,874264,403,True
NpSKUV,2023-01-02 19:32:17,711755,403,False
Jack87,2023-01-02 19:33:34,927634,200,True
xoexSHhzSK,2023-01-02 19:54:24,521150,304,False
ixzUAwr,2023-01-02 19:56:18,948388,304,False
Jack87,2023-01-02 19:56:38,567290,200,True
Bella233,2023-01-02 20:00:25,874264,404,True
eQfkCAEfz,2023-01-02 20:02:21,499852,200,False
PJsWD,2023-01-02 20:03:11,890527,401,False
Bella233,2023-01-02 20:06:09,874264,403,True
Bella233,2023-01-02 20:12:54,927634,502,True
Kris345,2023-01-02 20:18:30,874264,502,True
Bella233,2023-01-02 20:36:44,927634,401,True
wQXzSGYr,2023-01-02 20:37:02,990257,200,False
omDXZP,2023-01-02 20:38:57,900776,500,False
Bella233,2023-01-02 20:44:57,874264,303,True
IlrSjlj,2023-01-02 20:45:37,707575,401,False
Kris345,2023-01-02 20:46:09,927634,502,True
dQawo,2023-01-02 20:46:23,373015,200,False
Bella233,2023-01-02 20:46:30,874264,303,True
Bella233,2023-01-02 20:52:00,927634,200,True
Bella233,2023-01-02 20:52:29,874264,401,True
qAHLlzQxPy,2023-01-02 21:01:51,412354,200,False
zeISu,2023-01-02 21:03:47,841631,404,False
Kris345,2023-01-02 21:04:03,927634,200,True
wLDyltCH,2023-01-02 21:04:15,937488,200,False
NlCuLKhW,2023-01-02 21:07:44,744293,404,False
Kris345,2023-01-02 21:12:10,927634,500,True
Kris345,2023-01-02 21:12:20,874264,200,True
xplLV,2023-01-02 21:12:32,759981,200,False
ZwwiZDmJ,2023-01-02 21:13:25,944309,502,False
Kris345,2023-01-02 21:14:28,927634,404,True
Jack87,2023-01-02 21:19:45,927634,404,True
Jack87,2023-01-02 21:20:44,874264,200,True
GufKoaveWy,2023-01-02 21:28:05,604409,304,False
Bella233,2023-01-02 21:35:49,874264,200,True
fdibTuGm,2023-01-02 21:38:46,408463,304,False
Kris345,2023-01-02 21:39:26,567290,200,True
Jack87,2023-01-02 21:46:23,567290,304,True
Bella233,2023-01-02 21:53:27,927634,200,True
mcjuAUzSL,2023-01-02 21:53:27,625665,502,False
Bella233,2023-01-02 21:54:03,927634,303,True
Kris345,2023-01-02 21:58:01,567290,304,True
iiDDe,2023-01-02 22:07:55,605809,502,False
uHRJLkyc,2023-01-02 22:08:38,987091,401,False
Kris345,2023-01-02 22:13:06,567290,502,True
spduY,2023-01-02 22:13:11,459799,500,False
UobGYa,2023-01-02 22:17:38,481412,303,False
Kris345,2023-01-02 22:27:22,567290,304,True
Bella233,2023-01-02 22:29:48,874264,303,True
Kris345,2023-01-02 22:36:45,927634,500,True
Jack87,2023-01-02 22:37:21,567290,502,True
Bella233,2023-01-02 22:38:49,927634,303,True
Bella233,2023-01-02 22:40:28,927634,401,True
ivjevxKq,2023-01-02 22:40:53,927634,403,False
Kris345,2023-01-02 22:44:33,927634,404,True
Jack87,2023-01-02 22:44:53,927634,200,True
AaQVN,2023-01-02 22:46:19,648089,303,False
zClg,2023-01-02 22:50:48,223498,200,False
VAZG,2023-01-02 22:52:57,878350,200,False
Kris345,2023-01-02 22:53:57,927634,404,True
Jack87,2023-01-02 22:56:09,927634,200,True
Jack87,2023-01-02 23:00:04,874264,304,True
tDFMOo,2023-01-02 23:02:28,869815,200,False
Jack87,2023-01-02 23:05:32,567290,403,True
sMmN,2023-01-02 23:07:54,425442,200,False
NnYWfWvO,2023-01-02 23:09:59,292900,500,False
Kris345,2023-01-02 23:13:43,927634,502,True
Bella233,2023-01-02 23:29:10,927634,200,True
Jack87,2023-01-02 23:34:13,874264,200,True
JmuYIp,2023-01-02 23:37:31,473534,200,False
Kris345,2023-01-02 23:39:35,567290,200,True
JiOsJkcHH,2023-01-02 23:39:46,842809,500,False
Jack87,2023-01-02 23:40:07,927634,401,True
Jack87,2023-01-02 23:40:22,874264,304,True
EAttSw,2023-01-02 23:46:04,231568,502,False
TNUvxSUxJg,2023-01-02 23:50:18,997059,403,False
Kris345,2023-01-03 00:00:06,874264,200,True
Jack87,2023-01-03 00:04:42,874264,303,True
erFEUAVohr,2023-01-03 00:05:01,709717,403,False
Bella233,2023-01-03 00:08:06,874264,303,True
mUjFheof,2023-01-03 00:12:02,959912,502,False
Jack87,2023-01-03 00:15:34,567290,200,True
MgqELB,2023-01-03 00:18:15,620940,401,False
ilmyGrEGo,2023-01-03 00:20:57,731259,401,False
RIzS,2023-01-03 00:28:40,418979,304,False
Bella233,2023-01-03 00:34:29,927634,500,True
Bella233,2023-01-03 00:36:08,567290,401,True
rohQPcjA,2023-01-03 00:36:11,470516,403,False
Jack87,2023-01-03 00:36:22,874264,200,True
ukEHjeHN,2023-01-03 00:36:47,353979,200,False
IsNC,2023-01-03 00:39:27,409293,303,False
Kris345,2023-01-03 00:40:55,927634,200,True
XJJaQLrCsH,2023-01-03 00:44:02,273759,304,False
Bella233,2023-01-03 00:46:02,567290,502,True
Kris345,2023-01-03 00:53:21,927634,303,True
QfmPekwEXQ,2023-01-03 00:56:06,709264,401,False
KPxBxMdCub,2023-01-03 00:56:15,531143,303,False
Bella233,2023-01-03 00:59:04,874264,403,True
Kris345,2023-01-03 01:02:41,927634,500,True
HNSxvuQm,2023-01-03 01:16:48,911771,500,False
wAZnpQ,2023-01-03 01:18:05,462832,200,False
qhrqWleaYj,2023-01-03 01:19:16,102982,303,False
RJFMqaD,2023-01-03 01:22:19,526928,502,False
Kris345,2023-01-03 01:23:56,567290,200,True
EPNLtoMDU,2023-01-03 01:29:54,516041,200,False
qztGPu,2023-01-03 01:31:16,382484,304,False
Kris345,2023-01-03 01:33:08,874264,303,True
Bella233,2023-01-03 01:38:43,927634,403,True
Jack87,2023-01-03 01:39:31,874264,200,True
ZSJPdW,2023-01-03 01:44:06,793621,200,False
Zpco,2023-01-03 01:44:47,540502,401,False
Bella233,2023-01-03 01:45:00,927634,401,True
Kris345,2023-01-03 01:46:43,567290,303,True
IDnwSh,2023-01-03 01:48:05,404806,200,False
Bella233,2023-01-03 01:48:53,927634,500,True
Bella233,2023-01-03 01:50:52,567290,200,True
eiYkibWwPW,2023-01-03 01:52:34,621180,500,False
CpYmcSOT,2023-01-03 01:55:39,988553,403,False
Kris345,2023-01-03 02:03:37,927634,303,True
CiwFFSaaFm,2023-01-03 02:08:55,924549,403,False
EkBZ,2023-01-03 02:09:28,767507,200,False
Bella233,2023-01-03 02:11:26,874264,200,True
ZPvtXBwCKA,2023-01-03 02:12:22,939197,403,False
Kris345,2023-01-03 02:13:45,874264,404,True
EjuMeMjle,2023-01-03 02:19:14,707936,200,False
Kris345,2023-01-03 02:24:11,874264,200,True
BtXv,2023-01-03 02:26:42,927634,500,False
pnDJAHzY,2023-01-03 02:33:24,745738,200,False
Kris345,2023-01-03 02:34:56,567290,200,True
Jack87,2023-01-03 02:39:29,927634,200,True
Jack87,2023-01-03 02:44:18,874264,403,True
Jack87,2023-01-03 02:46:45,874264,303,True
kRQM,2023-01-03 02:48:39,424309,304,False
Bella233,2023-01-03 02:55:07,874264,500,True
PEuGQK,2023-01-03 02:58:10,212122,304,False
Bella233,2023-01-03 02:58:56,567290,200,True
CjtNMYuu,2023-01-03 03:06:16,558543,303,False
Kris345,2023-01-03 03:07:08,567290,404,True
Kris345,2023-01-03 03:09:09,927634,500,True
Jack87,2023-01-03 03:10:54,567290,200,True
IztJX,2023-01-03 03:13:25,799561,303,False
Jack87,2023-01-03 03:20:25,927634,403,True
Jack87,2023-01-03 03:22:35,874264,200,True
ySdyapddmy,2023-01-03 03:22:48,482932,401,False
WPejJekhS,2023-01-03 03:24:41,217085,403,False
NqHqOd,2023-01-03 03:26:05,130389,304,False
Jack87,2023-01-03 03:27:20,567290,404,True
LveZ,2023-01-03 03:29:34,213729,403,False
Jack87,2023-01-03 03:33:46,927634,403,True
Bella233,2023-01-03 03:35:12,927634,303,True
Kris345,2023-01-03 03:39:28,874264,200,True
Bella233,2023-01-03 03:45:59,927634,200,True
LtdE,2023-01-03 03:48:39,489483,401,False
JSYcMQPb,2023-01-03 03:49:17,569251,403,False
uaapSVUVE,2023-01-03 03:50:52,807117,200,False
Bella233,2023-01-03 03:51:00,874264,303,True
Bella233,2023-01-03 03:51:51,567290,502,True
Jack87,2023-01-03 03:52:07,874264,304,True
Bella233,2023-01-03 03:56:48,567290,500,True
Bella233,2023-01-03 03:57:23,927634,500,True
Jack87,2023-01-03 03:59:19,874264,304,True
Jack87,2023-01-03 04:02:04,927634,502,True
ySHbrZFgE,2023-01-03 04:02:32,248653,404,False
Kris345,2023-01-03 04:07:32,874264,502,True
Kris345,2023-01-03 04:10:21,874264,304,True
chVkNdI,2023-01-03 04:11:15,294099,500,False
PtHmi,2023-01-03 04:16:11,401758,200,False
Bella233,2023-01-03 04:16:21,874264,404,True
lDEICwc,2023-01-03 04:18:10,362014,500,False
SolG,2023-01-03 04:20:35,277334,502,False
Jack87,2023-01-03 04:20:42,567290,200,True
XEVvOvMg,2023-01-03 04:21:04,567290,500,False
XfnEJNTYKN,2023-01-03 04:21:20,967918,303,False
GcesI,2023-01-03 04:33:21,507940,304,False
Bella233,2023-01-03 04:36:06,874264,401,True
fgioM,2023-01-03 04:39:55,863551,304,False
odXVov,2023-01-03 04:41:23,927634,200,False
xHaUAH,2023-01-03 04:43:34,177081,200,False
Kris345,2023-01-03 04:43:38,567290,500,True
Bella233,2023-01-03 04:45:07,874264,304,True
XHfWeeQIGM,2023-01-03 04:45:21,609463,404,False
xXFYIKGwEO,2023-01-03 04:47:31,713905,304,False
Bella233,2023-01-03 04:48:18,567290,200,True
GNpvqj,2023-01-03 04:51:56,340470,200,False
Jack87,2023-01-03 04:53:13,874264,200,True
Kris345,2023-01-03 04:55:51,874264,304,True
Jack87,2023-01-03 04:56:42,927634,303,True
UERnKK,2023-01-03 04:58:47,450445,303,False
baHmrkcF,2023-01-03 05:03:29,940298,200,False
Kris345,2023-01-03 05:03:37,874264,200,True
Jack87,2023-01-03 05:04:07,927634,401,True
Kris345,2023-01-03 05:04:58,567290,200,True
Bella233,2023-01-03 05:06:19,927634,500,True
Kris345,2023-01-03 05:09:28,874264,500,True
jWYpf,2023-01-03 05:10:27,365271,200,False
Kris345,2023-01-03 05:13:50,567290,404,True
Bella233,2023-01-03 05:15:11,874264,403,True
Jack87,2023-01-03 05:23:32,874264,200,True
Bella233,2023-01-03 05:28:26,927634,401,True
pOUIh,2023-01-03 05:29:45,979038,303,False
Bella233,2023-01-03 05:35:36,927634,500,True
UepLHLtF,2023-01-03 05:36:14,470208,303,False
BpAqZBHISS,2023-01-03 05:36:26,948317,401,False
Jack87,2023-01-03 05:38:23,927634,403,True
IMfqcIpc,2023-01-03 05:39:12,663321,401,False
fUztesOG,2023-01-03 05:57:26,428628,200,False
Bella233,2023-01-03 05:58:01,874264,200,True
Jack87,2023-01-03 05:58:58,927634,404,True
Jack87,2023-01-03 05:59:51,567290,200,True
Bella233,2023-01-03 06:06:45,927634,200,True
Kris345,2023-01-03 06:08:58,927634,404,True
pCTtmX,2023-01-03 06:09:36,875269,200,False
Jack87,2023-01-03 06:17:09,927634,304,True
Bella233,2023-01-03 06:17:09,567290,502,True
YDUXxvtZTi,2023-01-03 06:20:48,280768,403,False
Bella233,2023-01-03 06:20:59,874264,502,True
Bella233,2023-01-03 06:24:46,927634,303,True
Bella233,2023-01-03 06:24:55,567290,200,True
jLXrzU,2023-01-03 06:25:24,644257,502,False
Jack87,2023-01-03 06:26:21,927634,200,True
Jack87,2023-01-03 06:27:41,567290,403,True
LXtUFt,2023-01-03 06:32:40,469623,403,False
Jack87,2023-01-03 06:33:48,927634,303,True
bHzN,2023-01-03 06:36:56,451208,200,False
Kris345,2023-01-03 06:42:12,567290,404,True
Kris345,2023-01-03 06:45:27,567290,200,True
fuDTAxLx,2023-01-03 06:46:24,707315,304,False
wGyWncgI,2023-01-03 06:46:44,667618,502,False
fJJFn,2023-01-03 06:47:50,122612,401,False
Bella233,2023-01-03 06:49:06,874264,502,True
Bella233,2023-01-03 06:50:02,874264,200,True
Jack87,2023-01-03 06:54:57,927634,404,True
Jack87,2023-01-03 06:55:11,874264,403,True
Bella233,2023-01-03 06:57:24,874264,502,True
bUKMWINyc,2023-01-03 07:08:30,621901,304,False
Kris345,2023-01-03 07:08:43,567290,304,True
Kris345,2023-01-03 07:08:51,874264,200,True
Kris345,2023-01-03 07:09:54,874264,304,True
Kris345,2023-01-03 07:15:25,874264,502,True
JVcCF,2023-01-03 07:16:27,278814,303,False
miELtpH,2023-01-03 07:17:13,990160,403,False
Jack87,2023-01-03 07:17:14,927634,404,True
Bella233,2023-01-03 07:18:03,874264,304,True
Jack87,2023-01-03 07:18:41,567290,200,True
YklegCY,2023-01-03 07:20:29,546748,404,False
RsILIGMy,2023-01-03 07:24:22,610957,200,False
Bella233,2023-01-03 07:25:30,874264,200,True
Bella233,2023-01-03 07:30:21,927634,200,True
sIEagxyXBp,2023-01-03 07:30:45,452788,403,False
AAncTnjlc,2023-01-03 07:32:11,385423,502,False
Jack87,2023-01-03 07:36:15,874264,200,True
Kris345,2023-01-03 07:46:09,567290,200,True
Jack87,2023-01-03 07:52:10,927634,304,True
UHxzZru,2023-01-03 07:53:46,181688,200,False
Jack87,2023-01-03 07:54:13,567290,200,True
Kris345,2023-01-03 07:57:25,927634,200,True
Kris345,2023-01-03 07:58:44,927634,401,True
Jack87,2023-01-03 07:58:54,927634,403,True
NmWzSwj,2023-01-03 08:00:06,720405,403,False
mHBcdPRX,2023-01-03 08:03:05,902390,200,False
Kris345,2023-01-03 08:04:44,927634,304,True
cDpYjPalu,2023-01-03 08:04:48,787501,500,False
Jack87,2023-01-03 08:12:40,927634,303,True
tHNvP,2023-01-03 08:16:56,544512,403,False
Bella233,2023-01-03 08:22:33,927634,200,True
Kris345,2023-01-03 08:27:52,874264,200,True
Jack87,2023-01-03 08:30:51,874264,404,True
Kris345,2023-01-03 08:33:04,567290,200,True
Bella233,2023-01-03 08:37:42,567290,304,True
Bella233,2023-01-03 08:38:46,874264,200,True
Bella233,2023-01-03 08:48:18,874264,200,True
tWjjDrIjR,2023-01-03 08:51:35,723052,404,False
Bella233,2023-01-03 08:52:03,927634,304,True
CWEmEOlui,2023-01-03 08:52:11,927634,502,False
sTdBEjCUOn,2023-01-03 08:53:19,226135,401,False
Kris345,2023-01-03 08:54:47,567290,500,True
Kris345,2023-01-03 08:57:01,567290,304,True
Jack87,2023-01-03 08:58:09,567290,200,True
ohCKLXw,2023-01-03 09:01:35,197350,502,False
ebBdnL,2023-01-03 09:01:59,587886,304,False
Bella233,2023-01-03 09:05:30,874264,200,True
ZjtPxyUoKp,2023-01-03 09:05:39,119805,502,False
Bella233,2023-01-03 09:07:48,567290,401,True
GoQLkRTpKs,2023-01-03 09:09:32,888367,200,False
Kris345,2023-01-03 09:12:18,874264,200,True
qCQPMaiVzA,2023-01-03 09:15:28,825912,200,False
Jack87,2023-01-03 09:16:07,874264,200,True
HVeSNcs,2023-01-03 09:17:28,782909,502,False
Pqmsa,2023-01-03 09:22:49,668484,502,False
kEBbfM,2023-01-03 09:27:43,683284,200,False
Jack87,2023-01-03 09:30:04,927634,200,True
Kris345,2023-01-03 09:30:12,927634,401,True
wstqFzVa,2023-01-03 09:34:36,598345,401,False
eyWL,2023-01-03 09:37:11,411985,304,False
LXCtWr,2023-01-03 09:42:37,974135,401,False
Bella233,2023-01-03 09:46:41,567290,200,True
Bella233,2023-01-03 09:53:04,874264,200,True
Jack87,2023-01-03 09:56:14,927634,200,True
DxJf,2023-01-03 09:57:11,979652,401,False
uGxXUulq,2023-01-03 10:00:25,153892,404,False
Bella233,2023-01-03 10:01:27,927634,500,True
Bella233,2023-01-03 10:02:08,567290,502,True
Bella233,2023-01-03 10:05:35,567290,304,True
Kris345,2023-01-03 10:06:38,927634,500,True
bMhuLq,2023-01-03 10:07:02,427675,304,False
Bella233,2023-01-03 10:07:32,874264,200,True
zUZcINpu,2023-01-03 10:08:28,425217,304,False
Jack87,2023-01-03 10:13:01,567290,403,True
arVC,2023-01-03 10:16:37,787673,404,False
Kris345,2023-01-03 10:16:59,874264,401,True
sQxy,2023-01-03 10:19:32,180114,304,False
Kris345,2023-01-03 10:26:20,567290,200,True
CSIH,2023-01-03 10:26:26,465501,200,False
mCFMAJmyq,2023-01-03 10:26:38,455993,304,False
Kris345,2023-01-03 10:27:42,567290,401,True
oAZsB,2023-01-03 10:42:44,240698,303,False
Kris345,2023-01-03 10:49:08,874264,200,True
Kris345,2023-01-03 10:52:47,927634,200,True
mpoIjLX,2023-01-03 10:53:01,276795,200,False
ZBTrsLzLbj,2023-01-03 10:53:56,141179,401,False
Jack87,2023-01-03 10:54:34,874264,500,True
emhCWWtS,2023-01-03 11:00:01,471527,502,False
FRsIqm,2023-01-03 11:07:23,187811,200,False
MYCnUVG,2023-01-03 11:10:10,770350,401,False
Bella233,2023-01-03 11:11:52,874264,404,True
Kris345,2023-01-03 11:16:02,874264,200,True
Kris345,2023-01-03 11:18:37,874264,404,True
ZGki,2023-01-03 11:19:21,189859,200,False
yIQSqyzsZ,2023-01-03 11:32:34,795146,404,False
LpWIlxPZ,2023-01-03 11:37:26,532280,200,False
Bella233,2023-01-03 11:37:36,874264,401,True
BzddPPXk,2023-01-03 11:46:17,177284,404,False
vOZVXd,2023-01-03 11:47:02,258567,200,False
Jack87,2023-01-03 11:47:05,874264,304,True
Wvge,2023-01-03 11:50:08,567290,500,False
Bella233,2023-01-03 11:56:18,874264,200,True
Bella233,2023-01-03 11:59:30,567290,404,True
Kris345,2023-01-03 12:00:54,874264,200,True
dhyDLy,2023-01-03 12:03:30,680811,502,False
Kris345,2023-01-03 12:04:57,874264,303,True
Bella233,2023-01-03 12:09:39,927634,304,True
gDwnBlO,2023-01-03 12:10:42,567290,303,False
UWcQc,2023-01-03 12:12:38,931693,401,False
Kris345,2023-01-03 12:13:51,874264,200,True
rIfdDrOig,2023-01-03 12:13:59,558436,404,False
Kris345,2023-01-03 12:17:57,567290,502,True
Bella233,2023-01-03 12:17:58,567290,200,True
Kris345,2023-01-03 12:21:01,567290,403,True
onVwbVjL,2023-01-03 12:27:35,424522,403,False
Bella233,2023-01-03 12:27:53,874264,404,True
Jack87,2023-01-03 12:32:33,927634,304,True
xqucKuORhj,2023-01-03 12:32:44,337597,303,False
PRQH,2023-01-03 12:33:07,315699,500,False
xPQV,2023-01-03 12:39:59,843670,200,False
Jack87,2023-01-03 12:40:02,874264,200,True
Jack87,2023-01-03 12:50:54,874264,200,True
Jack87,2023-01-03 13:08:13,927634,200,True
Bella233,2023-01-03 13:09:31,567290,303,True
Jack87,2023-01-03 13:10:23,874264,200,True
Bella233,2023-01-03 13:14:11,567290,200,True
Jack87,2023-01-03 13:32:18,927634,200,True
gYtcOFo,2023-01-03 13:33:07,722120,200,False
Bella233,2023-01-03 13:36:22,567290,403,True
Bella233,2023-01-03 13:44:41,927634,404,True
CFPGLHx,2023-01-03 13:47:16,542502,200,False
Bella233,2023-01-03 13:51:17,874264,500,True
Jack87,2023-01-03 13:54:07,927634,304,True
Jack87,2023-01-03 13:57:41,567290,200,True
IRjmgAijns,2023-01-03 13:58:23,140402,200,False
Bella233,2023-01-03 14:04:47,874264,200,True
QMqZtxtKo,2023-01-03 14:06:25,405730,200,False
dWlKaJVv,2023-01-03 14:10:00,665181,200,False
tblEjuL,2023-01-03 14:12:27,905093,200,False
DCiUmVLTB,2023-01-03 14:14:42,542318,304,False
Kris345,2023-01-03 14:19:52,567290,401,True
Kris345,2023-01-03 14:19:58,874264,200,True
WpTiHVQqs,2023-01-03 14:22:47,100585,200,False
Jack87,2023-01-03 14:30:53,567290,404,True
Kris345,2023-01-03 14:39:11,567290,200,True
WTjw,2023-01-03 14:46:02,481459,200,False
Kris345,2023-01-03 14:52:39,874264,200,True
OocInsc,2023-01-03 14:53:38,949788,404,False
Bella233,2023-01-03 14:53:47,567290,404,True
jwWRFVTrl,2023-01-03 14:55:52,396858,200,False
Bella233,2023-01-03 14:56:49,567290,200,True
Bella233,2023-01-03 14:57:06,874264,303,True
yiDXGCl,2023-01-03 15:01:06,406010,500,False
pbAs,2023-01-03 15:04:34,725400,200,False
Kris345,2023-01-03 15:05:01,927634,304,True
Bella233,2023-01-03 15:12:08,927634,304,True
Bella233,2023-01-03 15:12:33,567290,200,True
uGPqb,2023-01-03 15:17:19,166436,200,False
IjMPjtijMf,2023-01-03 15:17:50,874264,403,False
Bella233,2023-01-03 15:21:34,567290,200,True
nUfTgKzda,2023-01-03 15:23:34,246856,401,False
qZnAv,2023-01-03 15:30:52,915348,200,False
Jack87,2023-01-03 15:33:25,874264,404,True
Jack87,2023-01-03 15:37:21,874264,401,True
cmzDJCEba,2023-01-03 15:39:35,390496,200,False
Bella233,2023-01-03 15:41:16,567290,200,True
Bella233,2023-01-03 15:41:38,927634,200,True
bnzAAQD,2023-01-03 15:44:10,520134,200,False
Kris345,2023-01-03 15:45:45,927634,500,True
Kris345,2023-01-03 15:49:47,567290,200,True
Bella233,2023-01-03 15:53:12,927634,403,True
VMVoK,2023-01-03 15:58:42,632284,200,False
XlnMNu,2023-01-03 15:58:50,488261,304,False
Kris345,2023-01-03 16:00:55,927634,200,True
ZVPa,2023-01-03 16:10:32,874264,403,False
Jack87,2023-01-03 16:16:47,874264,403,True
pgFVqGv,2023-01-03 16:22:41,271918,403,False
gmkcnXDPgQ,2023-01-03 16:32:18,567290,303,False
LctD,2023-01-03 16:36:35,822671,401,False
Kris345,2023-01-03 16:36:42,567290,403,True
Jack87,2023-01-03 16:40:44,874264,200,True
ZcABZSmuos,2023-01-03 16:44:28,478082,200,False
tokc,2023-01-03 16:47:15,634143,200,False
HLKsgDbtJ,2023-01-03 16:49:07,327028,304,False
SngdAyl,2023-01-03 16:51:43,518123,403,False
oVFu,2023-01-03 17:05:46,626332,303,False
hbirZYeT,2023-01-03 17:06:44,738109,304,False
Jack87,2023-01-03 17:07:34,874264,403,True
kVTzqksBP,2023-01-03 17:10:26,296427,304,False
rhEtN,2023-01-03 17:11:07,355426,500,False
wAFhoYPE,2023-01-03 17:18:41,545465,200,False
xXWJKfMxN,2023-01-03 17:25:29,587497,502,False
Bella233,2023-01-03 17:29:32,874264,200,True
Jack87,2023-01-03 17:30:20,927634,304,True
xjVDkchEqm,2023-01-03 17:31:37,519472,304,False
Kris345,2023-01-03 17:35:21,874264,502,True
Jack87,2023-01-03 17:37:33,927634,403,True
Bella233,2023-01-03 17:52:23,874264,401,True
ViyAfUYoMw,2023-01-03 17:58:57,610818,404,False
WyMmxkSF,2023-01-03 17:59:52,907336,303,False
Bella233,2023-01-03 18:00:30,874264,502,True
Kris345,2023-01-03 18:00:55,874264,502,True
Bella233,2023-01-03 18:06:35,874264,401,True
Jack87,2023-01-03 18:10:25,874264,500,True
wctmSUQhI,2023-01-03 18:10:28,796174,200,False
xOSsUBcp,2023-01-03 18:12:42,341472,200,False
Jack87,2023-01-03 18:13:37,874264,404,True
grtNY,2023-01-03 18:14:19,874264,200,False
kcCn,2023-01-03 18:17:50,927634,200,False
nctuwo,2023-01-03 18:19:40,300792,404,False
Bella233,2023-01-03 18:20:04,874264,403,True
Bella233,2023-01-03 18:20:35,567290,200,True
Bella233,2023-01-03 18:26:17,927634,502,True
Kris345,2023-01-03 18:29:49,567290,404,True
pusTLnwFRF,2023-01-03 18:36:49,567290,303,False
Bella233,2023-01-03 18:41:13,927634,502,True
hOEGxLTx,2023-01-03 18:43:52,338550,200,False
Jack87,2023-01-03 18:44:01,874264,200,True
PpULTSs,2023-01-03 18:48:45,175681,200,False
Jack87,2023-01-03 18:52:29,567290,200,True
Kris345,2023-01-03 18:54:25,874264,403,True
Kris345,2023-01-03 19:03:16,567290,500,True
rozezNMoq,2023-01-03 19:07:31,408160,200,False
Jack87,2023-01-03 19:10:11,874264,200,True
sIXikYpCQk,2023-01-03 19:12:28,881756,404,False
DRaQmMcrM,2023-01-03 19:12:42,752749,401,False
Jack87,2023-01-03 19:13:09,927634,403,True
RRqiihgMgp,2023-01-03 19:17:24,665560,304,False
Kris345,2023-01-03 19:17:28,927634,500,True
Bella233,2023-01-03 19:17:30,567290,502,True
uKwN,2023-01-03 19:22:22,453335,403,False
iPwSPe,2023-01-03 19:22:50,727569,403,False
YrgQCVFfE,2023-01-03 19:24:57,538495,200,False
VFnxUCGtSe,2023-01-03 19:27:05,891356,500,False
Kris345,2023-01-03 19:33:12,927634,304,True
lXIlqrW,2023-01-03 19:34:55,183402,401,False
Jack87,2023-01-03 19:36:03,567290,404,True
Jack87,2023-01-03 19:38:27,567290,200,True
Bella233,2023-01-03 19:50:10,927634,500,True
Kris345,2023-01-03 19:52:25,567290,303,True
Jack87,2023-01-03 20:04:35,927634,200,True
Kris345,2023-01-03 20:10:59,874264,303,True
ltmIUyDX,2023-01-03 20:12:45,586638,200,False
Jack87,2023-01-03 20:13:00,567290,502,True
FbFL,2023-01-03 20:16:18,763899,500,False
KhzJIXfT,2023-01-03 20:17:45,885548,502,False
Jack87,2023-01-03 20:18:16,874264,200,True
pgLbFIpiMA,2023-01-03 20:31:18,594349,403,False
GUrzND,2023-01-03 20:31:58,687222,200,False
HyvvcrXh,2023-01-03 20:36:42,593651,304,False
vUdexfVg,2023-01-03 20:40:39,533968,401,False
kHgx,2023-01-03 20:40:45,611526,303,False
FBSskB,2023-01-03 20:42:31,506645,200,False
Bella233,2023-01-03 20:42:37,927634,404,True
Kris345,2023-01-03 20:43:12,927634,200,True
Jack87,2023-01-03 20:45:13,874264,200,True
FaUMUcHr,2023-01-03 20:47:33,293734,200,False
Jack87,2023-01-03 20:52:57,567290,200,True
sJkn,2023-01-03 20:54:08,880805,200,False
SQct,2023-01-03 20:54:35,648190,403,False
StOpk,2023-01-03 20:55:15,995400,200,False
rLEe,2023-01-03 21:03:36,252866,404,False
FfOTpLS,2023-01-03 21:05:02,281861,404,False
Bella233,2023-01-03 21:06:29,567290,500,True
Kris345,2023-01-03 21:07:36,927634,303,True
SvqdwRDhBY,2023-01-03 21:07:46,508299,200,False
AwTKdbnd,2023-01-03 21:13:16,128971,304,False
Jack87,2023-01-03 21:15:53,927634,303,True
Jack87,2023-01-03 21:16:53,874264,200,True
TyckrMIPS,2023-01-03 21:22:45,632813,401,False
Kris345,2023-01-03 21:23:36,874264,403,True
uMXTZfQ,2023-01-03 21:26:49,279718,401,False
Bella233,2023-01-03 21:28:52,567290,303,True
GVNfoA,2023-01-03 21:40:55,102764,200,False
Kris345,2023-01-03 21:42:00,927634,304,True
JFeRRbQO,2023-01-03 21:44:32,486277,401,False
Jack87,2023-01-03 21:47:02,567290,401,True
Kris345,2023-01-03 21:47:12,567290,200,True
NpZPJ,2023-01-03 21:58:30,885488,500,False
Bella233,2023-01-03 22:01:51,567290,403,True
Kris345,2023-01-03 22:03:31,567290,200,True
Jack87,2023-01-03 22:06:12,927634,304,True
Kris345,2023-01-03 22:06:19,874264,200,True
Jack87,2023-01-03 22:07:29,927634,403,True
exLf,2023-01-03 22:17:32,219523,200,False
WICKkxEt,2023-01-03 22:21:16,673451,200,False
uFVWNq,2023-01-03 22:23:39,975148,404,False
iRqNTmxGDS,2023-01-03 22:24:03,444715,200,False
sgUdxy,2023-01-03 22:26:05,304882,502,False
Kris345,2023-01-03 22:26:16,567290,303,True
QwmryMvAD,2023-01-03 22:28:48,779806,303,False
Bella233,2023-01-03 22:28:55,874264,401,True
Jack87,2023-01-03 22:33:24,874264,303,True
Kris345,2023-01-03 22:33:43,874264,200,True
Bella233,2023-01-03 22:34:47,567290,200,True
nYoMAw,2023-01-03 22:34:56,324183,401,False
vteJl,2023-01-03 22:40:36,540601,502,False
RhNMpC,2023-01-03 22:40:58,611934,304,False
AmTlM,2023-01-03 22:42:07,454514,502,False
YRZQhGRBiQ,2023-01-03 22:42:22,916346,502,False
Kris345,2023-01-03 22:44:48,927634,200,True
guYY,2023-01-03 22:47:10,309090,200,False
Bella233,2023-01-03 22:49:13,874264,304,True
Jack87,2023-01-03 22:52:40,567290,401,True
fQJoYQW,2023-01-03 22:53:48,810195,502,False
Jack87,2023-01-03 22:58:31,874264,500,True
VLkjxgQ,2023-01-03 22:58:36,730306,500,False
Jack87,2023-01-03 23:04:03,874264,304,True
MyUvst,2023-01-03 23:06:38,630659,200,False
Kris345,2023-01-03 23:07:52,874264,502,True
alNj,2023-01-03 23:08:07,391407,502,False
Jack87,2023-01-03 23:10:52,567290,200,True
Bella233,2023-01-03 23:11:11,927634,200,True
Jack87,2023-01-03 23:13:47,567290,403,True
Kris345,2023-01-03 23:15:13,874264,200,True
fHhjrr,2023-01-03 23:20:17,812342,401,False
Jack87,2023-01-03 23:24:21,927634,303,True
Jack87,2023-01-03 23:30:56,567290,500,True
EsjCoQwQS,2023-01-03 23:34:59,209709,200,False
Bella233,2023-01-03 23:35:07,927634,303,True
hFDDXlfstc,2023-01-03 23:35:56,709747,200,False
vBTnjy,2023-01-03 23:38:12,460828,404,False
QXmr,2023-01-03 23:41:54,152642,502,False
eTzFBzJXsq,2023-01-03 23:43:55,782443,401,False
Kris345,2023-01-03 23:51:03,927634,500,True
HRqvAGn,2023-01-03 23:51:11,150577,403,False
Jack87,2023-01-03 23:59:35,567290,403,True
Bella233,2023-01-04 00:00:24,874264,200,True
oMVLBbWMVf,2023-01-04 00:01:54,692726,500,False
Bella233,2023-01-04 00:02:26,874264,500,True
Kris345,2023-01-04 00:04:37,567290,200,True
AIyQBKAVhj,2023-01-04 00:06:21,733081,401,False
Kris345,2023-01-04 00:23:30,567290,401,True
Bella233,2023-01-04 00:33:46,567290,403,True
Kris345,2023-01-04 00:35:35,927634,200,True
Kris345,2023-01-04 00:36:42,567290,303,True
Bella233,2023-01-04 00:38:14,874264,200,True
Yfhg,2023-01-04 00:39:30,221596,404,False
Kris345,2023-01-04 00:39:32,927634,502,True
akyT,2023-01-04 00:42:34,874264,401,False
qbkcH,2023-01-04 00:45:32,148013,303,False
XjYrWlbUv,2023-01-04 00:46:40,770763,303,False
Kris345,2023-01-04 00:47:27,927634,403,True
xxgTq,2023-01-04 00:48:05,140119,200,False
lfekPqhz,2023-01-04 00:52:18,895024,403,False
Kris345,2023-01-04 00:54:40,927634,404,True
GrLaYWa,2023-01-04 01:15:30,694348,401,False
kohGZTl,2023-01-04 01:16:48,742669,401,False
uHRGicOcA,2023-01-04 01:19:59,401245,200,False
Bella233,2023-01-04 01:20:25,927634,304,True
Bella233,2023-01-04 01:20:32,567290,304,True
Jack87,2023-01-04 01:24:12,874264,403,True
soUdRby,2023-01-04 01:27:15,228650,303,False
XTevE,2023-01-04 01:28:17,205485,404,False
Bella233,2023-01-04 01:32:04,567290,401,True
HaqV,2023-01-04 01:34:40,268178,500,False
jOGu,2023-01-04 01:36:35,787101,200,False
GQNxgduUn,2023-01-04 01:49:23,213726,404,False
dwpB,2023-01-04 01:49:48,391583,200,False
Jack87,2023-01-04 01:52:11,927634,404,True
Jack87,2023-01-04 01:53:31,927634,502,True
qALeyqn,2023-01-04 01:53:44,907807,304,False
KSdS,2023-01-04 01:54:37,632846,304,False
Bella233,2023-01-04 01:56:15,567290,200,True
Jack87,2023-01-04 01:59:40,567290,502,True
Jack87,2023-01-04 02:00:35,874264,200,True
Bella233,2023-01-04 02:01:25,927634,200,True
Bella233,2023-01-04 02:10:28,927634,403,True
ILjUWNi,2023-01-04 02:11:45,783387,200,False
TWJJJCYuA,2023-01-04 02:13:38,242849,404,False
Kris345,2023-01-04 02:14:25,874264,500,True
CxHDxAVAzQ,2023-01-04 02:16:14,567820,200,False
Jack87,2023-01-04 02:17:45,874264,200,True
VFtqWhULzZ,2023-01-04 02:33:17,861325,500,False
PpqRBycZ,2023-01-04 02:34:32,927634,200,False
Jack87,2023-01-04 02:36:10,927634,200,True
Bella233,2023-01-04 02:40:24,567290,200,True
zQxasyy,2023-01-04 02:42:11,984064,200,False
Jack87,2023-01-04 02:45:02,874264,502,True
Jack87,2023-01-04 02:48:53,567290,500,True
SzhOetW,2023-01-04 02:49:44,673238,500,False
Jack87,2023-01-04 02:51:23,874264,200,True
Bella233,2023-01-04 02:52:51,567290,200,True
Kris345,2023-01-04 02:58:48,567290,502,True
owYPMUF,2023-01-04 03:00:06,359599,200,False
WAPMSWgfGg,2023-01-04 03:02:10,239881,304,False
Jack87,2023-01-04 03:11:21,927634,303,True
Kris345,2023-01-04 03:14:31,927634,502,True
TfIOWq,2023-01-04 03:18:12,719786,200,False
GVdPJpQ,2023-01-04 03:18:28,900616,200,False
eHggAkDwHx,2023-01-04 03:21:14,467656,303,False
Jack87,2023-01-04 03:28:59,927634,200,True
pxZnAqOA,2023-01-04 03:40:43,600302,200,False
tCKsFbB,2023-01-04 03:41:13,390961,502,False
Jack87,2023-01-04 03:41:34,927634,403,True
Kris345,2023-01-04 03:42:21,927634,502,True
Bella233,2023-01-04 03:45:22,874264,200,True
IFsgNNihTC,2023-01-04 03:48:00,385361,403,False
OQkG,2023-01-04 03:52:49,581629,200,False
Bella233,2023-01-04 03:53:04,927634,200,True
Jack87,2023-01-04 04:00:56,927634,304,True
ERJwDPzjd,2023-01-04 04:05:58,413562,403,False
Kris345,2023-01-04 04:13:42,567290,404,True
Bella233,2023-01-04 04:18:30,567290,304,True
KLEMu,2023-01-04 04:25:37,476424,500,False
SsWUcKl,2023-01-04 04:28:56,270076,500,False
Jack87,2023-01-04 04:33:18,874264,200,True
mpXCTudcod,2023-01-04 04:36:00,116543,404,False
Jack87,2023-01-04 04:44:25,874264,200,True
Kris345,2023-01-04 04:45:29,874264,200,True
Kris345,2023-01-04 04:47:09,927634,502,True
RADUM,2023-01-04 04:47:34,458167,403,False
zPmzOOawYL,2023-01-04 04:55:21,982598,303,False
Jack87,2023-01-04 04:55:48,874264,403,True
Jack87,2023-01-04 04:57:36,927634,200,True
Bella233,2023-01-04 04:58:06,567290,200,True
pxLfHgcaK,2023-01-04 04:59:18,909010,502,False
Kris345,2023-01-04 05:04:41,927634,200,True
Kris345,2023-01-04 05:05:50,927634,404,True
Bella233,2023-01-04 05:14:41,927634,200,True
BFoRwUCuS,2023-01-04 05:15:18,536303,403,False
VsjAEs,2023-01-04 05:16:35,668997,200,False
Jack87,2023-01-04 05:17:23,567290,200,True
AwtHmA,2023-01-04 05:20:13,877475,200,False
Bella233,2023-01-04 05:20:44,567290,303,True
Bella233,2023-01-04 05:20:47,874264,200,True
Jack87,2023-01-04 05:25:11,567290,401,True
Bella233,2023-01-04 05:26:13,927634,200,True
Jack87,2023-01-04 05:33:47,874264,304,True
Kris345,2023-01-04 05:35:30,874264,200,True
lBxDj,2023-01-04 05:37:46,249728,500,False
Bella233,2023-01-04 05:38:48,927634,200,True
Jack87,2023-01-04 05:40:57,927634,502,True
ZhVJwsMJY,2023-01-04 05:42:59,185730,401,False
Kris345,2023-01-04 05:45:21,927634,403,True
Bella233,2023-01-04 05:46:41,874264,403,True
Bella233,2023-01-04 05:47:02,927634,500,True
Kris345,2023-01-04 05:47:10,874264,404,True
Jack87,2023-01-04 05:52:05,567290,200,True
Bella233,2023-01-04 05:52:22,927634,303,True
Kris345,2023-01-04 05:54:00,567290,200,True
RxtzweW,2023-01-04 05:54:14,567290,403,False
Kris345,2023-01-04 05:59:19,567290,304,True
BWLxhJpWfn,2023-01-04 06:17:31,766698,500,False
Kris345,2023-01-04 06:21:15,874264,404,True
qeeKAsN,2023-01-04 06:25:57,102090,200,False
SDfspItDUl,2023-01-04 06:29:19,582493,401,False
MKpxd,2023-01-04 06:29:34,728846,403,False
OundTWEfv,2023-01-04 06:38:33,402238,304,False
Bella233,2023-01-04 06:39:12,874264,500,True
Kris345,2023-01-04 06:43:45,927634,403,True
fWXib,2023-01-04 06:45:00,695545,403,False
NUrDhZZ,2023-01-04 06:46:24,367190,200,False
Kris345,2023-01-04 06:53:44,874264,500,True
iKvKTJEE,2023-01-04 06:53:50,735226,502,False
Bella233,2023-01-04 06:54:56,927634,401,True
dFeqwg,2023-01-04 06:55:50,347214,403,False
QnZLROZAG,2023-01-04 07:01:14,992743,200,False
Jack87,2023-01-04 07:02:45,567290,200,True
Kris345,2023-01-04 07:04:33,927634,200,True
FvfO,2023-01-04 07:05:16,567290,200,False
Jack87,2023-01-04 07:05:47,567290,200,True
Jack87,2023-01-04 07:14:31,927634,502,True
SOHyKlt,2023-01-04 07:20:37,863591,500,False
TexUC,2023-01-04 07:25:52,981168,200,False
Bella233,2023-01-04 07:29:26,874264,403,True
VDimMiHD,2023-01-04 07:36:57,463700,303,False
ofPtCrkC,2023-01-04 07:37:41,107586,200,False
Jack87,2023-01-04 07:39:48,927634,500,True
KIsF,2023-01-04 07:43:48,783823,200,False
RFxRyaA,2023-01-04 07:46:08,230228,304,False
Bella233,2023-01-04 07:48:06,567290,502,True
Bella233,2023-01-04 07:52:56,874264,500,True
CtPjbOpzl,2023-01-04 07:55:04,734321,401,False
Bella233,2023-01-04 07:58:01,874264,200,True
Kris345,2023-01-04 07:58:07,567290,200,True
Bella233,2023-01-04 08:04:03,567290,200,True
OprWNiVvE,2023-01-04 08:04:27,756825,403,False
jOjPrbfDZ,2023-01-04 08:07:20,598877,200,False
MjHCwzUN,2023-01-04 08:10:37,792904,401,False
CTOBUqewF,2023-01-04 08:10:45,976622,200,False
IiBJ,2023-01-04 08:17:20,391513,401,False
iEIqV,2023-01-04 08:17:38,408599,401,False
Kris345,2023-01-04 08:23:55,567290,304,True
Bella233,2023-01-04 08:30:48,927634,404,True
PxdBBea,2023-01-04 08:31:04,874264,304,False
acabSVJre,2023-01-04 08:36:30,753887,500,False
EVUq,2023-01-04 08:37:47,920495,401,False
Jack87,2023-01-04 08:38:27,927634,403,True
Kris345,2023-01-04 08:40:30,927634,304,True
rhqOozgBul,2023-01-04 08:40:57,127438,200,False
hHOGetjpU,2023-01-04 08:44:54,421077,200,False
fYbJYIXjpI,2023-01-04 08:47:03,873069,200,False
SubdncKIi,2023-01-04 08:48:22,734439,500,False
Bella233,2023-01-04 08:48:59,927634,200,True
speHoAx,2023-01-04 08:49:37,713237,403,False
svZsWSsdMu,2023-01-04 08:50:15,172510,200,False
Kris345,2023-01-04 08:50:36,927634,200,True
Bella233,2023-01-04 08:52:37,874264,403,True
AycYwlr,2023-01-04 08:54:54,988532,200,False
Kris345,2023-01-04 08:55:06,567290,303,True
Bella233,2023-01-04 08:57:58,874264,200,True
HBTymrWksZ,2023-01-04 09:05:19,860662,401,False
wmWTet,2023-01-04 09:08:53,805112,200,False
Bella233,2023-01-04 09:10:07,874264,403,True
uAah,2023-01-04 09:15:57,694167,200,False
IkSRkOEK,2023-01-04 09:17:59,247493,403,False
nZelgb,2023-01-04 09:18:29,886872,502,False
FhZkuKW,2023-01-04 09:21:10,436281,200,False
GywPlg,2023-01-04 09:21:13,874264,200,False
Jack87,2023-01-04 09:22:15,927634,304,True
pXGz,2023-01-04 09:24:58,704032,200,False
Jack87,2023-01-04 09:29:30,567290,404,True
oMhW,2023-01-04 09:35:00,720675,403,False
Jack87,2023-01-04 09:37:55,874264,500,True
EHNqDNoiYc,2023-01-04 09:39:53,188051,303,False
Jack87,2023-01-04 09:43:06,927634,303,True
Bella233,2023-01-04 09:44:28,927634,200,True
Jack87,2023-01-04 09:45:07,927634,200,True
Kris345,2023-01-04 09:58:18,874264,401,True
Jack87,2023-01-04 10:06:00,567290,200,True
jReyS,2023-01-04 10:14:35,940780,401,False
HRZc,2023-01-04 10:17:22,133873,401,False
teuG,2023-01-04 10:18:17,551803,200,False
Bella233,2023-01-04 10:19:13,927634,401,True
wkdsNcEt,2023-01-04 10:25:20,567290,401,False
Jack87,2023-01-04 10:25:28,874264,502,True
Bella233,2023-01-04 10:25:53,874264,401,True
CezChjq,2023-01-04 10:34:04,373523,303,False
Bella233,2023-01-04 10:34:31,927634,403,True
Bella233,2023-01-04 10:38:23,567290,200,True
OwwowAhUdL,2023-01-04 10:52:40,403245,200,False
Jack87,2023-01-04 10:55:04,874264,403,True
slagRP,2023-01-04 10:57:43,930941,500,False
Jack87,2023-01-04 11:02:15,927634,404,True
Bella233,2023-01-04 11:02:45,874264,200,True
Kris345,2023-01-04 11:09:02,874264,200,True
urgBlvTu,2023-01-04 11:09:17,427734,401,False
Kris345,2023-01-04 11:09:58,927634,401,True
Kris345,2023-01-04 11:20:04,874264,304,True
fxuxpDHHDe,2023-01-04 11:20:54,185105,401,False
GTlerHP,2023-01-04 11:21:56,599668,200,False
AtOEa,2023-01-04 11:23:00,227242,500,False
kJSIlKRMT,2023-01-04 11:24:11,350468,303,False
Bella233,2023-01-04 11:24:31,927634,500,True
fuEUQPe,2023-01-04 11:27:32,275830,401,False
Jack87,2023-01-04 11:28:31,874264,500,True
Kris345,2023-01-04 11:32:41,874264,502,True
hNjLtiWiDo,2023-01-04 11:34:09,448641,200,False
MSdgsvYpTX,2023-01-04 11:34:27,922563,401,False
Jack87,2023-01-04 11:34:37,874264,303,True
tcXmxAZCSe,2023-01-04 11:34:44,690827,304,False
Jack87,2023-01-04 11:35:32,874264,401,True
eGKW,2023-01-04 11:36:03,146332,500,False
pjuj,2023-01-04 11:36:14,592728,200,False
Bella233,2023-01-04 11:38:21,874264,502,True
yIsfoqgh,2023-01-04 11:39:54,143901,303,False
HIHFXH,2023-01-04 11:40:10,793272,303,False
Kris345,2023-01-04 11:40:38,874264,200,True
Jack87,2023-01-04 11:42:19,874264,404,True
Kris345,2023-01-04 11:43:57,874264,200,True
zFTjkBRLd,2023-01-04 11:49:52,228761,200,False
qlVKJNEf,2023-01-04 11:56:48,977452,403,False
zInC,2023-01-04 12:00:36,498215,303,False
Jack87,2023-01-04 12:01:51,874264,200,True
Kris345,2023-01-04 12:04:34,927634,404,True
UyMmbxk,2023-01-04 12:06:49,234821,404,False
Bella233,2023-01-04 12:08:03,927634,500,True
Kris345,2023-01-04 12:10:04,874264,200,True
Jack87,2023-01-04 12:12:29,874264,200,True
cooNTaT,2023-01-04 12:14:31,995597,200,False
Kris345,2023-01-04 12:16:50,874264,404,True
qXdXC,2023-01-04 12:17:25,828482,401,False
QsusSoAON,2023-01-04 12:20:03,980044,403,False
VnjyDntPl,2023-01-04 12:23:08,415708,303,False
Jack87,2023-01-04 12:24:21,567290,404,True
Kris345,2023-01-04 12:26:26,567290,200,True
Bella233,2023-01-04 12:27:24,567290,403,True
Kris345,2023-01-04 12:35:22,927634,303,True
Bella233,2023-01-04 12:39:17,567290,200,True
xLOuBBOB,2023-01-04 12:39:32,183960,200,False
Jack87,2023-01-04 12:40:15,567290,200,True
Jack87,2023-01-04 12:41:28,927634,200,True
Jack87,2023-01-04 12:45:38,927634,200,True
OnyGXGkR,2023-01-04 12:45:48,943099,304,False
Jack87,2023-01-04 12:45:53,567290,304,True
Kris345,2023-01-04 12:46:04,567290,200,True
Bella233,2023-01-04 12:48:17,927634,200,True
KkCgxiF,2023-01-04 12:49:03,793126,200,False
Jack87,2023-01-04 12:49:21,567290,200,True
Jack87,2023-01-04 12:51:33,874264,500,True
Kris345,2023-01-04 12:55:47,567290,200,True
Kris345,2023-01-04 12:58:44,874264,200,True
Kris345,2023-01-04 13:01:52,874264,200,True
rAli,2023-01-04 13:03:42,598092,200,False
Bella233,2023-01-04 13:06:47,927634,404,True
Jack87,2023-01-04 13:07:57,927634,502,True
Kris345,2023-01-04 13:13:23,874264,404,True
Jack87,2023-01-04 13:13:26,567290,303,True
Kris345,2023-01-04 13:17:14,567290,200,True
jlkcpqatz,2023-01-04 13:19:16,326022,200,False
Jack87,2023-01-04 13:22:31,874264,500,True
oOPTlGfL,2023-01-04 13:22:38,619091,403,False
FXLz,2023-01-04 13:24:59,927634,200,False
MVqYsxBvb,2023-01-04 13:26:48,664189,502,False
Bella233,2023-01-04 13:31:48,567290,200,True
Jack87,2023-01-04 13:32:23,927634,401,True
Bella233,2023-01-04 13:37:09,874264,401,True
OuWyv,2023-01-04 13:43:43,426263,200,False
Kris345,2023-01-04 13:44:39,874264,502,True
aGjTpEGQ,2023-01-04 13:49:45,734707,200,False
Jack87,2023-01-04 13:50:10,874264,401,True
nnGLz,2023-01-04 13:58:35,927634,200,False
Kris345,2023-01-04 14:01:05,567290,304,True
yodZABwDYl,2023-01-04 14:14:09,905770,304,False
Jack87,2023-01-04 14:16:24,927634,401,True
yNVLT,2023-01-04 14:21:58,117080,303,False
Kris345,2023-01-04 14:22:13,927634,304,True
Bella233,2023-01-04 14:25:38,874264,401,True
mnjh,2023-01-04 14:26:23,242257,200,False
Bella233,2023-01-04 14:30:48,874264,303,True
Bella233,2023-01-04 14:32:39,567290,303,True
Jack87,2023-01-04 14:34:18,927634,200,True
Kris345,2023-01-04 14:35:51,567290,502,True
kUBLceURwG,2023-01-04 14:36:51,958090,200,False
Bella233,2023-01-04 14:37:30,874264,200,True
Jack87,2023-01-04 14:37:54,567290,502,True
Kris345,2023-01-04 14:45:49,927634,303,True
Kris345,2023-01-04 14:48:02,927634,502,True
Jack87,2023-01-04 14:53:44,927634,403,True
IOliurGwsb,2023-01-04 15:02:10,750404,404,False
Jack87,2023-01-04 15:04:15,927634,200,True
Bella233,2023-01-04 15:15:40,567290,404,True
Kris345,2023-01-04 15:18:28,567290,500,True
Kris345,2023-01-04 15:24:15,874264,404,True
MNXfPuJjKA,2023-01-04 15:27:55,410167,500,False
Jack87,2023-01-04 15:28:00,927634,500,True
Bella233,2023-01-04 15:36:23,567290,200,True
Ssfn,2023-01-04 15:40:50,627530,403,False
vRmOlFQLF,2023-01-04 15:41:11,120911,303,False
SyMMFFh,2023-01-04 15:41:39,230307,304,False
OKLJGBtcPU,2023-01-04 15:47:43,547953,200,False
ofaaXfiF,2023-01-04 15:50:54,253173,304,False
Bella233,2023-01-04 15:57:38,927634,200,True
Jack87,2023-01-04 16:00:53,927634,403,True
kHDmaZUi,2023-01-04 16:01:43,243602,200,False
Kris345,2023-01-04 16:03:39,874264,200,True
Bella233,2023-01-04 16:10:44,874264,502,True
zPgp,2023-01-04 16:12:15,550719,502,False
ySXyNqReRN,2023-01-04 16:17:38,525959,304,False
OyOU,2023-01-04 16:18:34,216210,303,False
yiNn,2023-01-04 16:18:45,243495,303,False
xoaE,2023-01-04 16:20:42,495517,401,False
Jack87,2023-01-04 16:22:22,567290,401,True
Kris345,2023-01-04 16:38:04,567290,401,True
Kris345,2023-01-04 16:43:10,927634,200,True
Jack87,2023-01-04 16:48:51,567290,502,True
Kris345,2023-01-04 16:56:27,567290,500,True
Kris345,2023-01-04 17:01:20,927634,200,True
Bella233,2023-01-04 17:03:21,567290,401,True
yJFpbNET,2023-01-04 17:14:37,607820,200,False
RfXuE,2023-01-04 17:16:10,607631,401,False
Jack87,2023-01-04 17:18:56,927634,200,True
Bella233,2023-01-04 17:20:10,874264,200,True
ZHQZWq,2023-01-04 17:23:23,124978,304,False
Jack87,2023-01-04 17:23:59,567290,502,True
Jack87,2023-01-04 17:28:11,874264,200,True
Jack87,2023-01-04 17:33:21,874264,403,True
Jack87,2023-01-04 17:33:40,927634,401,True
Bella233,2023-01-04 17:34:41,567290,403,True
Kris345,2023-01-04 17:36:42,874264,200,True
Bella233,2023-01-04 17:39:54,567290,200,True
OCFI,2023-01-04 17:40:27,574844,303,False
Bella233,2023-01-04 17:44:54,874264,200,True
CSCCYBvF,2023-01-04 17:55:01,485417,304,False
Kris345,2023-01-04 17:58:49,874264,303,True
Jack87,2023-01-04 17:59:03,567290,200,True
Kris345,2023-01-04 18:00:14,567290,200,True
Bella233,2023-01-04 18:01:07,927634,200,True
OWBNdLi,2023-01-04 18:10:15,510347,403,False
Kris345,2023-01-04 18:11:01,927634,403,True
Bella233,2023-01-04 18:14:19,874264,500,True
Jack87,2023-01-04 18:18:34,567290,200,True
ePnbOfA,2023-01-04 18:19:10,442932,304,False
Kris345,2023-01-04 18:22:18,567290,403,True
sSNMFZDp,2023-01-04 18:25:44,105916,303,False
ObyYBD,2023-01-04 18:35:10,924779,403,False
Bella233,2023-01-04 18:42:42,874264,200,True
WmNC,2023-01-04 18:52:33,181969,200,False
Bella233,2023-01-04 18:54:40,874264,303,True
Jack87,2023-01-04 18:56:27,567290,304,True
Kris345,2023-01-04 19:05:16,567290,403,True
Kris345,2023-01-04 19:06:08,567290,200,True
Jack87,2023-01-04 19:09:18,874264,304,True
Jack87,2023-01-04 19:13:31,567290,200,True
Bella233,2023-01-04 19:13:33,874264,200,True
Bella233,2023-01-04 19:23:40,567290,303,True
Bella233,2023-01-04 19:32:52,874264,404,True
zWWeeSWvqN,2023-01-04 19:33:44,214578,403,False
BfrGbE,2023-01-04 19:36:23,180344,304,False
Bella233,2023-01-04 19:37:46,567290,500,True
GMnnTaxwJN,2023-01-04 19:38:19,567290,200,False
gcmic,2023-01-04 19:42:10,927634,403,False
Jack87,2023-01-04 19:42:53,927634,304,True
Kris345,2023-01-04 19:43:41,874264,304,True
Jack87,2023-01-04 19:48:16,874264,502,True
lBgWhI,2023-01-04 19:54:31,391640,403,False
Kris345,2023-01-04 19:59:41,874264,303,True
qVZAnp,2023-01-04 20:05:49,381705,401,False
Bella233,2023-01-04 20:08:23,874264,200,True
Jack87,2023-01-04 20:08:39,567290,502,True
Kris345,2023-01-04 20:10:00,927634,200,True
iiFGc,2023-01-04 20:10:28,704390,303,False
Bella233,2023-01-04 20:11:53,874264,200,True
Jack87,2023-01-04 20:14:13,874264,304,True
VBfD,2023-01-04 20:17:52,312624,200,False
Bella233,2023-01-04 20:18:55,567290,200,True
uONkgD,2023-01-04 20:29:47,819966,200,False
Bella233,2023-01-04 20:36:04,927634,304,True
OTtV,2023-01-04 20:41:19,451368,500,False
Jack87,2023-01-04 20:42:36,567290,200,True
JwnkNbZmst,2023-01-04 20:42:43,673009,200,False
sbduiZwYRm,2023-01-04 20:45:10,431042,303,False
Kris345,2023-01-04 20:45:45,927634,200,True
lSErG,2023-01-04 20:54:53,343391,500,False
EWAp,2023-01-04 20:56:31,567290,200,False
Vegcd,2023-01-04 21:01:29,460668,200,False
zizBjaOsq,2023-01-04 21:02:24,952560,303,False
Bella233,2023-01-04 21:02:47,927634,304,True
Jack87,2023-01-04 21:02:57,567290,403,True
Bella233,2023-01-04 21:04:17,874264,401,True
ErvPlAZEga,2023-01-04 21:06:17,115422,502,False
HVnOmqryVV,2023-01-04 21:06:52,860947,200,False
zOcgviD,2023-01-04 21:09:01,688190,403,False
Kris345,2023-01-04 21:09:29,874264,500,True
Kris345,2023-01-04 21:10:28,567290,403,True
TzTVbocKn,2023-01-04 21:13:37,512594,500,False
NtHCiQ,2023-01-04 21:19:30,915455,502,False
WCJhUMoBB,2023-01-04 21:20:57,439147,200,False
Bella233,2023-01-04 21:24:36,927634,200,True
BkiOFA,2023-01-04 21:25:08,393891,200,False
Bella233,2023-01-04 21:26:07,927634,404,True
pqKE,2023-01-04 21:26:41,899407,304,False
Kris345,2023-01-04 21:37:18,874264,200,True
zCSMmm,2023-01-04 21:44:14,937573,200,False
Kris345,2023-01-04 21:45:09,874264,200,True
KokxgfzqqO,2023-01-04 21:48:06,362110,303,False
Bella233,2023-01-04 21:53:01,567290,401,True
Kris345,2023-01-04 21:54:08,567290,500,True
gLry,2023-01-04 21:55:02,197149,304,False
Jack87,2023-01-04 21:55:36,567290,303,True
Jack87,2023-01-04 21:56:06,874264,502,True
Kris345,2023-01-04 21:58:22,567290,304,True
Jack87,2023-01-04 21:59:54,567290,403,True
Jack87,2023-01-04 22:00:10,874264,200,True
cARnqem,2023-01-04 22:05:36,257310,200,False
WBRjZQGS,2023-01-04 22:12:19,800875,200,False
Jack87,2023-01-04 22:13:10,874264,404,True
Kris345,2023-01-04 22:19:44,567290,304,True
Efhspz,2023-01-04 22:21:16,874264,303,False
Kris345,2023-01-04 22:26:09,874264,500,True
kRRcO,2023-01-04 22:28:08,253767,200,False
Bella233,2023-01-04 22:32:26,927634,200,True
ehkLpYHj,2023-01-04 22:39:25,861307,303,False
ucAIf,2023-01-04 22:44:34,618891,200,False
QsfYA,2023-01-04 22:46:48,654460,200,False
WkINALry,2023-01-04 22:48:38,619297,303,False
Jack87,2023-01-04 22:53:22,874264,200,True
Kris345,2023-01-04 22:56:57,874264,303,True
Kris345,2023-01-04 22:59:16,567290,401,True
Jack87,2023-01-04 23:03:45,874264,401,True
iUHs,2023-01-04 23:03:52,586737,200,False
Kris345,2023-01-04 23:04:59,567290,500,True
Bella233,2023-01-04 23:05:13,567290,404,True
Kris345,2023-01-04 23:15:58,567290,403,True
Kris345,2023-01-04 23:17:19,874264,303,True
Jack87,2023-01-04 23:18:26,874264,200,True
Jack87,2023-01-04 23:22:13,567290,303,True
Bella233,2023-01-04 23:22:37,567290,304,True
PNJidxZow,2023-01-04 23:23:47,937956,303,False
KJfYk,2023-01-04 23:25:11,927634,200,False
QVgShhl,2023-01-04 23:27:54,699035,403,False
Yivmoao,2023-01-04 23:28:42,820514,200,False
Jack87,2023-01-04 23:32:47,927634,404,True
qSqkcM,2023-01-04 23:33:44,303272,403,False
Kris345,2023-01-04 23:37:58,927634,502,True
wTKj,2023-01-04 23:38:52,950342,200,False
Jack87,2023-01-04 23:39:14,874264,304,True
QrEgi,2023-01-04 23:41:23,126658,404,False
Bella233,2023-01-04 23:42:37,927634,200,True
Jack87,2023-01-04 23:48:13,874264,401,True
Bella233,2023-01-04 23:49:36,567290,502,True
Bella233,2023-01-04 23:50:33,927634,200,True
bMrtqOhc,2023-01-04 23:52:54,294681,200,False
UuJhq,2023-01-04 23:54:31,282182,401,False
Kris345,2023-01-04 23:55:00,567290,200,True
Jack87,2023-01-04 23:55:52,927634,404,True
Jack87,2023-01-04 23:57:59,927634,200,True
